"订单号";"发货号码";"正在处理中";"发运日期";"不逾期的发运日期";"状态";"配送日期";"实际转移配送日期";"取消日期";"发货的金额";"货件的货币代码";"商品名称";"商品颜色";"商品尺寸";"SKU";"货号";"您的价格";"商品的货币代码";"已由买家支付";"买家货币代码";"数量";"运费";"关联货件";"商品认购";"商品打折前的价格";"折扣 %";"折扣，卢布";"促销活动";"实际计费";"送货上楼"
"06017089-0572";"06017089-0572-1";"2026-05-20 19:49:59";"2026-05-26 09:00:00";"2026-05-26 09:00:00";"已签收";"2026-05-29 16:16:10";"2026-05-21 08:36:50";;"170.00";"USD";"Новый HUAWEI Watch FIT 4 Pro Blue";"голубой";;"3075996223";"WWFIT4PGBU";"170.00";"USD";"10510.00";"RUB";"1";;;;"170.00";"0%";"0.00";;;
"09792124-0273";"09792124-0273-1";"2026-05-20 21:30:16";"2026-05-26 09:00:00";"2026-05-26 09:00:00";"已签收";"2026-05-31 13:54:50";"2026-05-21 08:11:00";;"185.00";"USD";"Новый HUAWEI FreeClip 2 Black";"черный";;"3668254141";"EWFC2GBL";"185.00";"USD";"10328.00";"RUB";"1";;;;"195.00";"5%";"10.00";"Эластичный бустинг. Без ограничения срока действия";;
"11643184-0082";"11643184-0082-1";"2026-05-20 21:40:53";"2026-05-26 09:00:00";"2026-05-26 09:00:00";"已签收";"2026-05-31 14:51:49";"2026-05-21 07:55:59";;"315.00";"USD";"Новый CN Garmin Forerunner 265 Black";"черный";;"1936515175";"WGMFR265C46BL";"315.00";"USD";"19494.00";"RUB";"1";;;;"315.00";"0%";"0.00";;;
"87179659-0419";"87179659-0419-1";"2026-05-21 05:28:26";"2026-05-26 09:00:00";"2026-05-26 09:00:00";"已签收";"2026-06-01 15:07:55";"2026-05-22 09:01:48";;"185.00";"USD";"Новый HUAWEI FreeClip 2 Black";"черный";;"3668254141";"EWFC2GBL";"185.00";"USD";"10328.00";"RUB";"1";;;;"195.00";"5%";"10.00";"Эластичный бустинг. Без ограничения срока действия";;
"0125395131-0281";"0125395131-0281-1";"2026-05-21 07:33:39";"2026-05-26 09:00:00";"2026-05-26 09:00:00";"已签收";"2026-06-01 08:32:10";"2026-05-22 09:01:57";;"199.00";"USD";"Новый HUAWEI WATCH GT 6 46mm Black Fluoroelastomer Strap";"черный";;"3075996858";"WWGT6G46BL";"199.00";"USD";"12244.00";"RUB";"1";;;;"199.00";"0%";"0.00";;;
"41043336-0552";"41043336-0552-1";"2026-05-21 09:39:07";"2026-05-27 09:00:00";"2026-05-27 09:00:00";"已签收";"2026-05-30 18:33:05";"2026-05-22 09:01:52";;"315.00";"USD";"Новый CN Garmin Forerunner 265 Black";"черный";;"1936515175";"WGMFR265C46BL";"315.00";"USD";"16395.30";"RUB";"1";;;;"315.00";"0%";"0.00";;;
"41043336-0554";"41043336-0554-1";"2026-05-21 09:40:47";"2026-05-27 09:00:00";"2026-05-27 09:00:00";"已取消";;;"2026-05-21 21:32:16";"287.00";"USD";"Новый Garmin Edge 540 велокомпьютер с GPS(Standard Edition) 010-02694-04";"черный";;"2918882869";"WGMED540ECBL";"287.00";"USD";"16395.10";"RUB";"1";;;;"287.00";"0%";"0.00";;;
"41043336-0557";"41043336-0557-1";"2026-05-21 09:44:24";"2026-05-27 09:00:00";"2026-05-27 09:00:00";"已取消";;;"2026-05-21 21:31:56";"287.00";"USD";"Новый Garmin Edge 540 велокомпьютер с GPS(Standard Edition) 010-02694-04";"черный";;"2918882869";"WGMED540ECBL";"287.00";"USD";"16394.20";"RUB";"1";;;;"287.00";"0%";"0.00";;;
"52904025-0086";"52904025-0086-1";"2026-05-21 10:13:08";"2026-05-27 09:00:00";"2026-05-27 09:00:00";"已签收";"2026-05-30 10:23:50";"2026-05-22 09:01:40";;"199.00";"USD";"Новый HUAWEI WATCH GT 6 46mm Black Fluoroelastomer Strap";"черный";;"3075996858";"WWGT6G46BL";"199.00";"USD";"12253.00";"RUB";"1";;;;"199.00";"0%";"0.00";;;
"17133118-0845";"17133118-0845-1";"2026-05-21 10:20:21";"2026-05-26 23:00:00";"2026-05-26 23:00:00";"已签收";"2026-06-03 08:12:47";"2026-05-22 08:48:00";;"180.00";"USD";"Новый HUAWEI Watch FIT 4 Pro Blue";"голубой";;"3075996223";"WWFIT4PGBU";"180.00";"USD";"11083.00";"RUB";"1";;;;"180.00";"0%";"0.00";;;
"81751616-0188";"81751616-0188-1";"2026-05-21 13:51:28";"2026-05-27 09:00:00";"2026-05-27 09:00:00";"已签收";"2026-06-01 13:00:27";"2026-05-22 09:39:37";;"180.00";"USD";"Новый HUAWEI Watch FIT 4 Pro Black";"черный";;"3071371352";"WWFIT4PGBL";"180.00";"USD";"11083.00";"RUB";"1";;;;"180.00";"0%";"0.00";;;
"35012590-0330";"35012590-0330-1";"2026-05-21 15:11:58";"2026-05-27 09:00:00";"2026-05-27 09:00:00";"已签收";"2026-05-29 16:48:29";"2026-05-22 09:01:54";;"280.00";"USD";"Новый HUAWEI WATCH GT 6 Pro 46mm Black Fluoroelastomer Strap";"черный";;"3025825907";"WWGT6PG46BL";"280.00";"USD";"17340.00";"RUB";"1";;;;"280.00";"0%";"0.00";;;
"0169702071-0412";"0169702071-0412-1";"2026-05-21 15:36:03";"2026-05-27 09:00:00";"2026-05-27 09:00:00";"已签收";"2026-05-31 09:01:06";"2026-05-22 09:01:55";;"280.00";"USD";"Новый HUAWEI WATCH GT 6 Pro 46mm Black Fluoroelastomer Strap";"черный";;"3025825907";"WWGT6PG46BL";"280.00";"USD";"17340.00";"RUB";"1";;;;"280.00";"0%";"0.00";;;
"0165920104-0414";"0165920104-0414-1";"2026-05-21 15:51:37";"2026-05-27 09:00:00";"2026-05-27 09:00:00";"已签收";"2026-05-31 14:48:48";"2026-05-22 09:01:40";;"650.00";"USD";"Новый CN OnePlus 15 12/256GB Gery";"темно-бежевый";;"4201696641";"MO155GCGU12256GR";"650.00";"USD";"40254.00";"RUB";"1";;;;"650.00";"0%";"0.00";;;
"02913511-0566";"02913511-0566-1";"2026-05-21 16:09:12";"2026-05-27 09:00:00";"2026-05-27 09:00:00";"已取消";;;"2026-05-21 20:28:42";"280.00";"USD";"Новый HUAWEI WATCH GT 6 Pro 46mm Black Fluoroelastomer Strap";"черный";;"3025825907";"WWGT6PG46BL";"280.00";"USD";"17340.00";"RUB";"1";;;;"280.00";"0%";"0.00";;;
"0130295354-0118";"0130295354-0118-1";"2026-05-21 16:26:40";"2026-05-27 09:00:00";"2026-05-27 09:00:00";"已签收";"2026-06-01 15:06:58";"2026-05-22 09:01:57";;"280.00";"USD";"Новый HUAWEI WATCH GT 6 Pro 46mm Black Fluoroelastomer Strap";"черный";;"3025825907";"WWGT6PG46BL";"280.00";"USD";"17340.00";"RUB";"1";;;;"280.00";"0%";"0.00";;;
"0253210080-0001";"0253210080-0001-1";"2026-05-21 16:32:12";"2026-05-27 09:00:00";"2026-05-27 09:00:00";"已签收";"2026-06-01 11:24:56";"2026-05-22 09:01:56";;"407.00";"USD";"Новый CN OnePlus Ace 6T 12/256GB Black";"черный";;"4214535321";"MOA6T5GCU12256BL";"407.00";"USD";"26323.00";"RUB";"1";;;;"407.00";"0%";"0.00";;;
"0117856738-0173";"0117856738-0173-1";"2026-05-21 17:04:32";"2026-05-27 09:00:00";"2026-05-27 09:00:00";"已签收";"2026-05-31 10:34:26";"2026-05-22 09:01:45";;"195.00";"USD";"Новый HUAWEI FreeClip 2 Blue";"голубой";;"3668264174";"EWFC2GBU";"195.00";"USD";"10894.00";"RUB";"1";;;;"195.00";"0%";"0.00";;;
"50890168-0389";"50890168-0389-1";"2026-05-21 17:20:41";"2026-05-27 09:00:00";"2026-05-27 09:00:00";"已签收";"2026-05-30 17:56:17";"2026-05-22 06:06:17";;"230.00";"USD";"Новый Garmin Forerunner 165 Black";"черный матовый";;"1971827174";"WGMF165K46BL";"230.00";"USD";"14408.00";"RUB";"1";;;;"230.00";"0%";"0.00";;;
"49972817-2067";"49972817-2067-1";"2026-05-21 19:58:29";"2026-05-27 09:00:00";"2026-05-27 09:00:00";"已签收";"2026-05-30 16:58:45";"2026-05-22 09:25:27";;"185.00";"USD";"Новый HUAWEI FreeClip 2 Black";"черный";;"3668254141";"EWFC2GBL";"185.00";"USD";"10336.00";"RUB";"1";;;;"195.00";"5%";"10.00";"Эластичный бустинг. Без ограничения срока действия";;
"44545851-0291";"44545851-0291-1";"2026-05-21 20:14:21";"2026-05-27 09:00:00";"2026-05-27 09:00:00";"已签收";"2026-05-29 18:18:21";"2026-05-22 09:25:08";;"195.00";"USD";"Новый HUAWEI FreeClip 2 Blue";"голубой";;"3668264174";"EWFC2GBU";"195.00";"USD";"10894.00";"RUB";"1";;;;"195.00";"0%";"0.00";;;
"73152470-0456";"73152470-0456-1";"2026-05-21 20:23:15";"2026-05-27 09:00:00";"2026-05-27 09:00:00";"已签收";"2026-05-31 08:22:35";"2026-05-22 09:01:56";;"280.00";"USD";"Новый HUAWEI WATCH GT 6 Pro 46mm Black Fluoroelastomer Strap";"черный";;"3025825907";"WWGT6PG46BL";"280.00";"USD";"17340.00";"RUB";"1";;;;"280.00";"0%";"0.00";;;
"41902022-0233";"41902022-0233-1";"2026-05-21 21:29:31";"2026-05-27 09:00:00";"2026-05-27 09:00:00";"已签收";"2026-05-29 17:07:17";"2026-05-22 09:01:42";;"287.00";"USD";"Новый Garmin Edge 540 велокомпьютер с GPS(Standard Edition) 010-02694-04";"черный";;"2918882869";"WGMED540ECBL";"287.00";"USD";"16539.00";"RUB";"1";;;;"287.00";"0%";"0.00";;;
"41043336-0559";"41043336-0559-1";"2026-05-21 21:33:14";"2026-05-27 09:00:00";"2026-05-27 09:00:00";"已签收";"2026-05-30 16:44:30";"2026-05-22 09:01:59";;"287.00";"USD";"Новый Garmin Edge 540 велокомпьютер с GPS(Standard Edition) 010-02694-04";"черный";;"2918882869";"WGMED540ECBL";"287.00";"USD";"16539.00";"RUB";"1";;;;"287.00";"0%";"0.00";;;
"28414369-0925";"28414369-0925-1";"2026-05-21 21:35:06";"2026-05-27 09:00:00";"2026-05-27 09:00:00";"已签收";"2026-05-29 09:54:31";"2026-05-22 09:24:50";;"650.00";"USD";"Новый CN OnePlus 15 12/256GB Gery";"темно-бежевый";;"4201696641";"MO155GCGU12256GR";"650.00";"USD";"39444.30";"RUB";"1";;;;"650.00";"0%";"0.00";;;
"41043336-0560";"41043336-0560-1";"2026-05-21 21:44:04";"2026-05-27 09:00:00";"2026-05-27 09:00:00";"已签收";"2026-05-30 18:33:05";"2026-05-22 09:39:35";;"287.00";"USD";"Новый Garmin Edge 540 велокомпьютер с GPS(Standard Edition) 010-02694-04";"черный";;"2918882869";"WGMED540ECBL";"287.00";"USD";"16539.00";"RUB";"1";;;;"287.00";"0%";"0.00";;;
"49655782-0353";"49655782-0353-1";"2026-05-22 03:52:26";"2026-05-27 09:00:00";"2026-05-27 09:00:00";"已签收";"2026-06-05 13:27:53";"2026-05-23 07:40:22";;"199.00";"USD";"Новый HUAWEI WATCH GT 6 46mm Black Fluoroelastomer Strap";"черный";;"3075996858";"WWGT6G46BL";"199.00";"USD";"12225.00";"RUB";"1";;;;"199.00";"0%";"0.00";;;
"01880849-0057";"01880849-0057-1";"2026-05-22 04:16:25";"2026-05-27 09:00:00";"2026-05-27 09:00:00";"已签收";"2026-06-03 08:43:49";"2026-05-23 07:59:33";;"280.00";"USD";"Новый HUAWEI WATCH GT 6 Pro 46mm Black Fluoroelastomer Strap";"черный";;"3025825907";"WWGT6PG46BL";"280.00";"USD";"17301.00";"RUB";"1";;;;"280.00";"0%";"0.00";;;
"32714795-0555";"32714795-0555-1";"2026-05-22 06:41:36";"2026-05-27 09:00:00";"2026-05-27 09:00:00";"已签收";"2026-06-15 08:48:42";"2026-05-23 07:41:53";;"280.00";"USD";"Новый HUAWEI WATCH GT 6 Pro 46mm Black Fluoroelastomer Strap";"черный";;"3025825907";"WWGT6PG46BL";"280.00";"USD";"17301.00";"RUB";"1";;;;"280.00";"0%";"0.00";;;
"0182821584-0037";"0182821584-0037-1";"2026-05-22 07:48:36";"2026-05-27 23:00:00";"2026-05-27 23:00:00";"已签收";"2026-06-08 17:00:38";"2026-05-23 08:51:37";;"255.00";"USD";"Новый Redmi Pad 2 Pro 8/256GB Grey";"темно-серый";;"2974207353";"DDPD2PWFGE8256GR";"255.00";"USD";"15356.00";"RUB";"1";;;;"255.00";"0%";"0.00";;;
"0185269725-0420";"0185269725-0420-1";"2026-05-22 09:28:59";"2026-05-28 09:00:00";"2026-05-28 09:00:00";"已签收";"2026-06-02 12:14:24";"2026-05-23 07:42:15";;"185.00";"USD";"Новый HUAWEI FreeClip 2 Black";"черный";;"3668254141";"EWFC2GBL";"185.00";"USD";"9912.00";"RUB";"1";;;;"195.00";"5%";"10.00";"Эластичный бустинг. Без ограничения срока действия";;
"71816130-0111";"71816130-0111-1";"2026-05-22 09:49:25";"2026-05-28 09:00:00";"2026-05-28 09:00:00";"已签收";"2026-06-05 12:23:17";"2026-05-23 07:40:58";;"199.00";"USD";"Новый HUAWEI WATCH GT 6 46mm Black Fluoroelastomer Strap";"черный";;"3075996858";"WWGT6G46BL";"199.00";"USD";"12225.00";"RUB";"1";;;;"199.00";"0%";"0.00";;;
"0149687308-0187";"0149687308-0187-1";"2026-05-22 10:10:48";"2026-05-28 09:00:00";"2026-05-28 09:00:00";"已签收";"2026-06-04 17:16:28";"2026-05-23 09:02:51";;"280.00";"USD";"Новый HUAWEI WATCH GT 6 Pro 46mm Black Fluoroelastomer Strap";"черный";;"3025825907";"WWGT6PG46BL";"280.00";"USD";"17051.00";"RUB";"1";;;;"280.00";"0%";"0.00";;;
"0124198481-0320";"0124198481-0320-1";"2026-05-22 10:34:01";"2026-05-28 09:00:00";"2026-05-28 09:00:00";"已签收";"2026-06-03 12:24:14";"2026-05-23 07:42:13";;"280.00";"USD";"Новый HUAWEI WATCH GT 6 Pro 46mm Black Fluoroelastomer Strap";"черный";;"3025825907";"WWGT6PG46BL";"280.00";"USD";"18068.00";"RUB";"1";;;;"280.00";"0%";"0.00";;;
"0141310883-0771";"0141310883-0771-1";"2026-05-22 12:06:15";"2026-05-28 09:00:00";"2026-05-28 09:00:00";"已签收";"2026-06-03 14:35:54";"2026-05-23 08:00:48";;"195.00";"USD";"Новый HUAWEI FreeClip 2 White";"белый";;"3668262305";"EWFC2GWH";"195.00";"USD";"10870.00";"RUB";"1";;;;"195.00";"0%";"0.00";;;
"50107826-0130";"50107826-0130-1";"2026-05-22 12:37:48";"2026-05-28 09:00:00";"2026-05-28 09:00:00";"已签收";"2026-06-15 07:16:42";"2026-05-23 07:59:38";;"185.00";"USD";"Новый HUAWEI FreeClip 2 Black";"черный";;"3668254141";"EWFC2GBL";"185.00";"USD";"10312.00";"RUB";"1";;;;"195.00";"5%";"10.00";"Эластичный бустинг. Без ограничения срока действия";;
"42159667-1214";"42159667-1214-1";"2026-05-22 12:46:50";"2026-05-28 09:00:00";"2026-05-28 09:00:00";"已取消";;;"2026-05-22 12:52:40";"185.00";"USD";"Новый HUAWEI FreeClip 2 Black";"черный";;"3668254141";"EWFC2GBL";"185.00";"USD";"10312.00";"RUB";"1";;;;"195.00";"5%";"10.00";"Эластичный бустинг. Без ограничения срока действия";;
"64673987-1177";"64673987-1177-1";"2026-05-22 13:37:15";"2026-05-28 09:00:00";"2026-05-28 09:00:00";"已签收";"2026-06-02 16:48:18";"2026-05-23 07:59:33";;"199.00";"USD";"Новый HUAWEI WATCH GT 6 46mm Black Fluoroelastomer Strap";"черный";;"3075996858";"WWGT6G46BL";"199.00";"USD";"12239.00";"RUB";"1";;;;"199.00";"0%";"0.00";;;
"28571660-0020";"28571660-0020-1";"2026-05-22 13:48:31";"2026-05-28 09:00:00";"2026-05-28 09:00:00";"已签收";"2026-06-02 16:52:13";"2026-05-23 07:42:18";;"280.00";"USD";"Новый HUAWEI WATCH GT 6 Pro 46mm Black Fluoroelastomer Strap";"черный";;"3025825907";"WWGT6PG46BL";"280.00";"USD";"17321.00";"RUB";"1";;;;"280.00";"0%";"0.00";;;
"73290668-0067";"73290668-0067-1";"2026-05-22 13:59:59";"2026-05-28 09:00:00";"2026-05-28 09:00:00";"已取消";;;"2026-05-22 14:25:09";"185.00";"USD";"Новый HUAWEI FreeClip 2 Black";"черный";;"3668254141";"EWFC2GBL";"185.00";"USD";"10325.00";"RUB";"1";;;;"195.00";"5%";"10.00";"Эластичный бустинг. Без ограничения срока действия";;
"0122009058-0365";"0122009058-0365-1";"2026-05-22 14:46:46";"2026-05-28 09:00:00";"2026-05-28 09:00:00";"已签收";"2026-06-02 14:15:19";"2026-05-23 08:19:12";;"730.00";"USD";"Новый CN OnePlus 15 12/512GB Black";"черный";;"4201577774";"MO155GCGU12512BL";"730.00";"USD";"44058.00";"RUB";"1";;;;"730.00";"0%";"0.00";;;
"91536767-0247";"91536767-0247-1";"2026-05-22 16:16:16";"2026-05-28 09:00:00";"2026-05-28 09:00:00";"已取消";;"2026-05-23 07:40:29";"2026-06-05 18:34:05";"195.00";"USD";"Новый HUAWEI FreeClip 2 Blue";"голубой";;"3668264174";"EWFC2GBU";"195.00";"USD";"11758.00";"RUB";"1";;;;"195.00";"0%";"0.00";;;
"40223763-0203";"40223763-0203-1";"2026-05-22 16:29:12";"2026-05-28 09:00:00";"2026-05-28 09:00:00";"已签收";"2026-06-02 16:10:35";"2026-05-23 08:44:34";;"199.00";"USD";"Новый HUAWEI WATCH GT 6 46mm Black Fluoroelastomer Strap";"черный";;"3075996858";"WWGT6G46BL";"199.00";"USD";"12239.00";"RUB";"1";;;;"199.00";"0%";"0.00";;;
"62198991-0212";"62198991-0212-1";"2026-05-22 18:24:30";"2026-05-28 09:00:00";"2026-05-28 09:00:00";"已签收";"2026-06-03 16:35:20";"2026-05-23 07:40:07";;"199.00";"USD";"Новый HUAWEI WATCH GT 6 46mm Black Fluoroelastomer Strap";"черный";;"3075996858";"WWGT6G46BL";"199.00";"USD";"12239.00";"RUB";"1";;;;"199.00";"0%";"0.00";;;
"16514588-0301";"16514588-0301-1";"2026-05-22 19:18:17";"2026-05-28 09:00:00";"2026-05-28 09:00:00";"已签收";"2026-06-04 11:58:07";"2026-05-23 07:59:48";;"650.00";"USD";"Новый CN OnePlus 15 12/256GB Gery";"темно-бежевый";;"4201696641";"MO155GCGU12256GR";"650.00";"USD";"40059.00";"RUB";"1";;;;"650.00";"0%";"0.00";;;
"85679468-0024";"85679468-0024-1";"2026-05-22 20:31:21";"2026-05-28 09:00:00";"2026-05-28 09:00:00";"已签收";"2026-06-03 10:44:13";"2026-05-23 07:42:11";;"280.00";"USD";"Новый HUAWEI WATCH GT 6 Pro 46mm Black Fluoroelastomer Strap";"черный";;"3025825907";"WWGT6PG46BL";"280.00";"USD";"17321.00";"RUB";"1";;;;"280.00";"0%";"0.00";;;
"67178770-0599";"67178770-0599-1";"2026-05-23 00:21:10";"2026-05-28 09:00:00";"2026-05-28 09:00:00";"已签收";"2026-06-02 11:23:01";"2026-05-23 07:43:50";;"650.00";"USD";"Новый CN OnePlus 15 12/256GB Gery";"темно-бежевый";;"4201696641";"MO155GCGU12256GR";"650.00";"USD";"40447.00";"RUB";"1";;;;"650.00";"0%";"0.00";;;
"35329695-0211";"35329695-0211-1";"2026-05-23 04:19:32";"2026-05-28 09:00:00";"2026-05-28 09:00:00";"已签收";"2026-06-09 06:57:14";"2026-05-26 09:41:47";;"75.00";"USD";"Новый realme Watch S5 Beige";"светло-бежевый";;"4015708408";"WRWAHS5EWH";"75.00";"USD";"4640.00";"RUB";"1";;;;"75.00";"0%";"0.00";;;
"0117117568-0135";"0117117568-0135-1";"2026-05-23 08:56:05";"2026-05-28 09:00:00";"2026-05-28 09:00:00";"已签收";"2026-06-02 08:59:39";"2026-05-26 09:39:31";;"75.00";"USD";"Новый realme Watch S5 Beige";"светло-бежевый";;"4015708408";"WRWAHS5EWH";"75.00";"USD";"4853.00";"RUB";"1";;;;"75.00";"0%";"0.00";;;
"0110458963-1014";"0110458963-1014-1";"2026-05-23 10:11:10";"2026-05-29 09:00:00";"2026-05-29 09:00:00";"已签收";"2026-06-08 15:33:46";"2026-05-26 09:27:03";;"290.00";"USD";"Новый HUAWEI WATCH GT 6 Pro 46mm Black Fluoroelastomer Strap";"черный";;"3025825907";"WWGT6PG46BL";"290.00";"USD";"18044.00";"RUB";"1";;;;"290.00";"0%";"0.00";;;
"51789473-0366";"51789473-0366-1";"2026-05-23 12:01:24";"2026-05-29 09:00:00";"2026-05-29 09:00:00";"已签收";"2026-06-02 15:41:58";"2026-05-26 09:48:22";;"75.00";"USD";"Новый realme Watch S5 Gery";"черно-серый";;"4015703689";"WRWAHS5EGR";"75.00";"USD";"4640.00";"RUB";"1";;;;"75.00";"0%";"0.00";;;
"36196606-0785";"36196606-0785-1";"2026-05-23 12:37:36";"2026-05-29 09:00:00";"2026-05-29 09:00:00";"已签收";"2026-06-06 09:05:36";"2026-05-26 09:23:08";;"75.00";"USD";"Новый realme Watch S5 Beige";"светло-бежевый";;"4015708408";"WRWAHS5EWH";"75.00";"USD";"4640.00";"RUB";"1";;;;"75.00";"0%";"0.00";;;
"0209508878-0205";"0209508878-0205-1";"2026-05-23 14:24:18";"2026-05-29 09:00:00";"2026-05-29 09:00:00";"已签收";"2026-06-07 17:49:05";"2026-05-26 09:09:14";;"287.00";"USD";"Новый Garmin Edge 540 велокомпьютер с GPS(Standard Edition) 010-02694-04";"черный";;"2918882869";"WGMED540ECBL";"287.00";"USD";"16505.40";"RUB";"1";;;;"287.00";"0%";"0.00";;;
"47985953-0262";"47985953-0262-1";"2026-05-23 14:57:13";"2026-05-29 09:00:00";"2026-05-29 09:00:00";"已签收";"2026-06-04 16:07:51";"2026-05-26 09:30:55";;"287.00";"USD";"Новый Garmin Edge 540 велокомпьютер с GPS(Standard Edition) 010-02694-04";"черный";;"2918882869";"WGMED540ECBL";"287.00";"USD";"16507.20";"RUB";"1";;;;"287.00";"0%";"0.00";;;
"47985953-0264";"47985953-0264-1";"2026-05-23 14:58:50";"2026-05-29 09:00:00";"2026-05-29 09:00:00";"已签收";"2026-06-07 16:56:26";"2026-05-26 09:14:33";;"287.00";"USD";"Новый Garmin Edge 540 велокомпьютер с GPS(Standard Edition) 010-02694-04";"черный";;"2918882869";"WGMED540ECBL";"287.00";"USD";"16507.40";"RUB";"1";;;;"287.00";"0%";"0.00";;;
"51197012-0446";"51197012-0446-1";"2026-05-23 15:04:26";"2026-05-29 09:00:00";"2026-05-29 09:00:00";"已签收";"2026-06-16 14:23:13";"2026-05-26 09:45:57";;"287.00";"USD";"Новый Garmin Edge 540 велокомпьютер с GPS(Standard Edition) 010-02694-04";"черный";;"2918882869";"WGMED540ECBL";"287.00";"USD";"16500.60";"RUB";"1";;;;"287.00";"0%";"0.00";;;
"51197012-0448";"51197012-0448-1";"2026-05-23 15:05:31";"2026-05-29 09:00:00";"2026-05-29 09:00:00";"已签收";"2026-06-07 17:53:43";"2026-05-26 09:09:13";;"287.00";"USD";"Новый Garmin Edge 540 велокомпьютер с GPS(Standard Edition) 010-02694-04";"черный";;"2918882869";"WGMED540ECBL";"287.00";"USD";"16507.40";"RUB";"1";;;;"287.00";"0%";"0.00";;;
"0207986144-0228";"0207986144-0228-1";"2026-05-23 15:25:19";"2026-05-29 09:00:00";"2026-05-29 09:00:00";"已签收";"2026-06-07 17:34:37";"2026-05-26 09:09:13";;"287.00";"USD";"Новый Garmin Edge 540 велокомпьютер с GPS(Standard Edition) 010-02694-04";"черный";;"2918882869";"WGMED540ECBL";"287.00";"USD";"16506.80";"RUB";"1";;;;"287.00";"0%";"0.00";;;
"50181099-0635";"50181099-0635-1";"2026-05-24 04:14:12";"2026-05-29 09:00:00";"2026-05-29 09:00:00";"已签收";"2026-06-09 05:41:10";"2026-05-26 09:30:50";;"290.00";"USD";"Новый HUAWEI WATCH GT 6 Pro 46mm Black Fluoroelastomer Strap";"черный";;"3025825907";"WWGT6PG46BL";"290.00";"USD";"17489.95";"RUB";"1";;;;"290.00";"0%";"0.00";;;
"13307883-0355";"13307883-0355-1";"2026-05-24 15:50:37";"2026-05-30 09:00:00";"2026-05-30 09:00:00";"已签收";"2026-06-07 12:47:23";"2026-05-27 07:21:39";;"361.00";"USD";"Новый realme Pad 3 5G 8/256GB Gery";"черно-серый";;"4272301876";"DRPD35GGE8256GR";"361.00";"USD";"22494.00";"RUB";"1";;;;"361.00";"0%";"0.00";;;
"0136870231-0025";"0136870231-0025-1";"2026-05-24 19:00:31";"2026-05-30 09:00:00";"2026-05-30 09:00:00";"已签收";"2026-06-04 15:29:31";"2026-05-26 09:56:24";;"407.00";"USD";"Новый CN OnePlus Ace 6T 12/256GB Black";"черный";;"4214535321";"MOA6T5GCU12256BL";"407.00";"USD";"25361.00";"RUB";"1";;;;"407.00";"0%";"0.00";;;
"13450351-0375";"13450351-0375-1";"2026-05-24 21:57:59";"2026-05-30 09:00:00";"2026-05-30 09:00:00";"已签收";"2026-06-03 17:35:17";"2026-05-26 09:48:01";;"75.00";"USD";"Новый realme Watch S5 Gery";"черно-серый";;"4015703689";"WRWAHS5EGR";"75.00";"USD";"4297.20";"RUB";"1";;;;"75.00";"0%";"0.00";;;
"23002380-0609";"23002380-0609-1";"2026-05-25 05:55:56";"2026-05-30 09:00:00";"2026-05-30 09:00:00";"已签收";"2026-06-02 17:29:43";"2026-05-26 09:14:35";;"290.00";"USD";"Новый HUAWEI WATCH GT 6 Pro 46mm Black Fluoroelastomer Strap";"черный";;"3025825907";"WWGT6PG46BL";"290.00";"USD";"18070.00";"RUB";"1";;;;"290.00";"0%";"0.00";;;
"0129777909-0057";"0129777909-0057-1";"2026-05-25 07:31:52";"2026-05-30 09:00:00";"2026-05-30 09:00:00";"已签收";"2026-06-05 14:30:37";"2026-05-26 09:56:27";;"407.00";"USD";"Новый CN OnePlus Ace 6T 12/256GB Black";"черный";;"4214535321";"MOA6T5GCU12256BL";"407.00";"USD";"25361.00";"RUB";"1";;;;"407.00";"0%";"0.00";;;
"0117038146-0010";"0117038146-0010-1";"2026-05-25 07:41:40";"2026-05-30 09:00:00";"2026-05-30 09:00:00";"已签收";"2026-06-02 16:16:54";"2026-05-26 09:16:47";;"180.00";"USD";"Новый HUAWEI Watch FIT 4 Pro Black";"черный";;"3071371352";"WWFIT4PGBL";"180.00";"USD";"11152.00";"RUB";"1";;;;"180.00";"0%";"0.00";;;
"62677826-0363";"62677826-0363-1";"2026-05-25 07:42:21";"2026-05-30 09:00:00";"2026-05-30 09:00:00";"已签收";"2026-06-03 16:57:43";"2026-05-26 09:23:06";;"75.00";"USD";"Новый realme Watch S5 Beige";"светло-бежевый";;"4015708408";"WRWAHS5EWH";"75.00";"USD";"4647.00";"RUB";"1";;;;"75.00";"0%";"0.00";;;
"85258410-0111";"85258410-0111-1";"2026-05-25 09:56:19";"2026-05-30 09:00:00";"2026-05-30 09:00:00";"已签收";"2026-06-03 17:30:24";"2026-05-26 09:56:21";;"407.00";"USD";"Новый CN OnePlus Ace 6T 12/256GB Black";"черный";;"4214535321";"MOA6T5GCU12256BL";"407.00";"USD";"25399.00";"RUB";"1";;;;"407.00";"0%";"0.00";;;
"95526049-0284";"95526049-0284-1";"2026-05-25 11:47:32";"2026-05-30 09:00:00";"2026-05-30 09:00:00";"已签收";"2026-06-10 09:18:42";"2026-05-26 08:45:53";;"75.00";"USD";"Новый realme Watch S5 Gery";"черно-серый";;"4015703689";"WRWAHS5EGR";"75.00";"USD";"4654.00";"RUB";"1";;;;"75.00";"0%";"0.00";;;
"78888741-0266";"78888741-0266-2";"2026-05-25 12:12:29";"2026-05-30 09:00:00";"2026-05-30 09:00:00";"已签收";"2026-06-02 12:19:43";"2026-05-26 08:30:50";;"75.00";"USD";"Новый realme Watch S5 Beige";"светло-бежевый";;"4015708408";"WRWAHS5EWH";"75.00";"USD";"4654.00";"RUB";"1";;;;"75.00";"0%";"0.00";;;
"75898088-0368";"75898088-0368-1";"2026-05-25 12:16:28";"2026-05-30 09:00:00";"2026-05-30 09:00:00";"已签收";"2026-06-02 11:09:56";"2026-05-26 08:37:59";;"75.00";"USD";"Новый realme Watch S5 Gery";"черно-серый";;"4015703689";"WRWAHS5EGR";"75.00";"USD";"4864.00";"RUB";"1";;;;"75.00";"0%";"0.00";;;
"0122762388-0220";"0122762388-0220-1";"2026-05-25 15:41:09";"2026-05-30 09:00:00";"2026-05-30 09:00:00";"已取消";;;"2026-05-25 18:25:15";"75.00";"USD";"Новый realme Watch S5 Gery";"черно-серый";;"4015703689";"WRWAHS5EGR";"75.00";"USD";"4654.00";"RUB";"1";;;;"75.00";"0%";"0.00";;;
"58352746-0143";"58352746-0143-1";"2026-05-25 17:24:50";"2026-05-30 09:00:00";"2026-05-30 09:00:00";"已签收";"2026-06-03 13:50:30";"2026-05-26 08:04:12";;"285.00";"USD";"Новый HUAWEI WATCH GT 6 Pro 46mm Black Fluoroelastomer Strap";"черный";;"3025825907";"WWGT6PG46BL";"285.00";"USD";"17785.00";"RUB";"1";;;;"285.00";"0%";"0.00";;;
"68415139-0043";"68415139-0043-1";"2026-05-25 18:01:03";"2026-05-30 09:00:00";"2026-05-30 09:00:00";"已签收";"2026-06-04 14:21:37";"2026-05-26 08:05:07";;"175.00";"USD";"Новый HUAWEI Watch FIT 4 Pro Blue";"голубой";;"3075996223";"WWFIT4PGBU";"175.00";"USD";"10858.00";"RUB";"1";;;;"175.00";"0%";"0.00";;;
"0122762388-0221";"0122762388-0221-1";"2026-05-25 18:28:24";"2026-05-30 09:00:00";"2026-05-30 09:00:00";"已签收";"2026-06-03 15:41:24";"2026-05-26 08:25:36";;"75.00";"USD";"Новый realme Watch S5 Gery";"черно-серый";;"4015703689";"WRWAHS5EGR";"75.00";"USD";"4654.00";"RUB";"1";;;;"75.00";"0%";"0.00";;;
"0108741421-0205";"0108741421-0205-1";"2026-05-25 20:18:26";"2026-05-30 09:00:00";"2026-05-30 09:00:00";"已签收";"2026-06-03 13:05:16";"2026-05-26 08:03:41";;"285.00";"USD";"Новый HUAWEI WATCH GT 6 Pro 46mm Black Fluoroelastomer Strap";"черный";;"3025825907";"WWGT6PG46BL";"285.00";"USD";"17785.00";"RUB";"1";;;;"285.00";"0%";"0.00";;;
"51489108-0107";"51489108-0107-1";"2026-05-25 21:41:32";"2026-05-30 09:00:00";"2026-05-30 09:00:00";"已签收";"2026-06-02 14:48:18";"2026-05-26 08:28:58";;"287.00";"USD";"Новый Garmin Edge 540 велокомпьютер с GPS(Standard Edition) 010-02694-04";"черный";;"2918882869";"WGMED540ECBL";"287.00";"USD";"17856.00";"RUB";"1";;;;"287.00";"0%";"0.00";;;
"91052470-0202";"91052470-0202-1";"2026-05-26 01:56:32";"2026-05-30 09:00:00";"2026-05-30 09:00:00";"已签收";"2026-06-09 15:28:42";"2026-05-27 08:44:12";;"75.00";"USD";"Новый realme Watch S5 Beige";"светло-бежевый";;"4015708408";"WRWAHS5EWH";"75.00";"USD";"4676.00";"RUB";"1";;;;"75.00";"0%";"0.00";;;
"40054025-0065";"40054025-0065-1";"2026-05-26 04:21:14";"2026-05-30 09:00:00";"2026-05-30 09:00:00";"已签收";"2026-06-09 12:41:40";"2026-05-27 08:35:00";;"75.00";"USD";"Новый realme Watch S5 Beige";"светло-бежевый";;"4015708408";"WRWAHS5EWH";"75.00";"USD";"4887.00";"RUB";"1";;;;"75.00";"0%";"0.00";;;
"0117135257-0083";"0117135257-0083-1";"2026-05-26 06:46:23";"2026-05-30 09:00:00";"2026-05-30 09:00:00";"已签收";"2026-06-07 18:34:08";"2026-05-27 03:24:38";;"315.00";"USD";"Новый CN Garmin Forerunner 265 Black";"черный";;"1936515175";"WGMFR265C46BL";"315.00";"USD";"19751.00";"RUB";"1";;;;"315.00";"0%";"0.00";;;
"0122884727-0132";"0122884727-0132-1";"2026-05-26 08:23:30";"2026-05-30 09:00:00";"2026-05-30 09:00:00";"已签收";"2026-06-08 07:44:09";"2026-05-27 08:35:02";;"75.00";"USD";"Новый realme Watch S5 Beige";"светло-бежевый";;"4015708408";"WRWAHS5EWH";"75.00";"USD";"4676.00";"RUB";"1";;;;"75.00";"0%";"0.00";;;
"0136630962-0187";"0136630962-0187-1";"2026-05-26 10:22:57";"2026-05-31 09:00:00";"2026-05-31 09:00:00";"已签收";"2026-06-09 14:55:13";"2026-05-27 08:13:29";;"285.00";"USD";"Новый HUAWEI WATCH GT 6 Pro 46mm Black Fluoroelastomer Strap";"черный";;"3025825907";"WWGT6PG46BL";"285.00";"USD";"17870.00";"RUB";"1";;;;"285.00";"0%";"0.00";;;
"0132028887-0100";"0132028887-0100-1";"2026-05-26 10:54:56";"2026-05-31 09:00:00";"2026-05-31 09:00:00";"已签收";"2026-06-10 12:24:48";"2026-05-27 08:57:43";;"285.00";"USD";"Новый HUAWEI WATCH GT 6 Pro 46mm Black Fluoroelastomer Strap";"черный";;"3025825907";"WWGT6PG46BL";"285.00";"USD";"17820.00";"RUB";"1";;;;"285.00";"0%";"0.00";;;
"49027575-0119";"49027575-0119-1";"2026-05-26 11:46:20";"2026-05-31 09:00:00";"2026-05-31 09:00:00";"已签收";"2026-06-07 10:21:07";"2026-05-27 08:46:34";;"175.00";"USD";"Новый HUAWEI Watch FIT 4 Pro Black";"черный";;"3071371352";"WWFIT4PGBL";"175.00";"USD";"10910.00";"RUB";"1";;;;"175.00";"0%";"0.00";;;
"0152473687-0078";"0152473687-0078-1";"2026-05-26 13:19:54";"2026-05-31 09:00:00";"2026-05-31 09:00:00";"已签收";"2026-06-08 08:23:24";"2026-05-27 08:58:13";;"75.00";"USD";"Новый realme Watch S5 Gery";"черно-серый";;"4015703689";"WRWAHS5EGR";"75.00";"USD";"4666.00";"RUB";"1";;;;"75.00";"0%";"0.00";;;
"65371200-0478";"65371200-0478-1";"2026-05-26 13:44:47";"2026-05-31 09:00:00";"2026-05-31 09:00:00";"已签收";"2026-06-07 18:24:01";"2026-05-27 08:44:38";;"175.00";"USD";"Новый HUAWEI Watch FIT 4 Pro Black";"черный";;"3071371352";"WWFIT4PGBL";"175.00";"USD";"10888.00";"RUB";"1";;;;"175.00";"0%";"0.00";;;
"58463046-0157";"58463046-0157-1";"2026-05-26 15:06:39";"2026-05-31 09:00:00";"2026-05-31 09:00:00";"已签收";"2026-06-08 07:15:48";"2026-05-27 03:25:21";;"315.00";"USD";"Новый CN Garmin Forerunner 265 Black";"черный";;"1936515175";"WGMFR265C46BL";"315.00";"USD";"19712.00";"RUB";"1";;;;"315.00";"0%";"0.00";;;
"33145061-0258";"33145061-0258-1";"2026-05-26 15:22:41";"2026-05-31 09:00:00";"2026-05-31 09:00:00";"已签收";"2026-06-08 11:08:09";"2026-05-27 03:25:03";;"315.00";"USD";"Новый CN Garmin Forerunner 265 Black";"черный";;"1936515175";"WGMFR265C46BL";"315.00";"USD";"19362.00";"RUB";"1";;;;"315.00";"0%";"0.00";;;
"15499528-0104";"15499528-0104-1";"2026-05-26 16:53:26";"2026-05-31 09:00:00";"2026-05-31 09:00:00";"已签收";"2026-06-07 16:49:21";"2026-05-27 03:24:38";;"315.00";"USD";"Новый CN Garmin Forerunner 265 Black";"черный";;"1936515175";"WGMFR265C46BL";"315.00";"USD";"19712.00";"RUB";"1";;;;"315.00";"0%";"0.00";;;
"51197012-0452";"51197012-0452-1";"2026-05-26 17:17:45";"2026-05-31 09:00:00";"2026-05-31 09:00:00";"已签收";"2026-06-07 18:03:50";"2026-05-27 03:25:22";;"315.00";"USD";"Новый CN Garmin Forerunner 265 Black";"черный";;"1936515175";"WGMFR265C46BL";"315.00";"USD";"17084.00";"RUB";"1";;;;"315.00";"0%";"0.00";;;
"0119209515-0219";"0119209515-0219-1";"2026-05-26 18:09:01";"2026-05-31 09:00:00";"2026-05-31 09:00:00";"已签收";"2026-06-08 13:51:24";"2026-05-27 09:19:54";;"285.00";"USD";"Новый HUAWEI WATCH GT 6 Pro 46mm Black Fluoroelastomer Strap";"черный";;"3025825907";"WWGT6PG46BL";"285.00";"USD";"17835.00";"RUB";"1";;;;"285.00";"0%";"0.00";;;
"38983653-0148";"38983653-0148-1";"2026-05-26 19:35:12";"2026-05-31 09:00:00";"2026-05-31 09:00:00";"已签收";"2026-06-08 16:32:41";"2026-05-27 08:46:19";;"175.00";"USD";"Новый HUAWEI Watch FIT 4 Pro Black";"черный";;"3071371352";"WWFIT4PGBL";"175.00";"USD";"10888.00";"RUB";"1";;;;"175.00";"0%";"0.00";;;
"04201165-0448";"04201165-0448-1";"2026-05-26 19:53:51";"2026-05-31 09:00:00";"2026-05-31 09:00:00";"已签收";"2026-06-07 14:43:13";"2026-05-27 08:40:30";;"75.00";"USD";"Новый realme Watch S5 Gery";"черно-серый";;"4015703689";"WRWAHS5EGR";"75.00";"USD";"4666.00";"RUB";"1";;;;"75.00";"0%";"0.00";;;
"30032580-0392";"30032580-0392-1";"2026-05-26 20:14:36";"2026-05-31 09:00:00";"2026-05-31 09:00:00";"已签收";"2026-06-07 16:34:46";"2026-05-27 09:00:48";;"175.00";"USD";"Новый HUAWEI Watch FIT 4 Pro Black";"черный";;"3071371352";"WWFIT4PGBL";"175.00";"USD";"10888.00";"RUB";"1";;;;"175.00";"0%";"0.00";;;
"21017395-1110";"21017395-1110-1";"2026-05-26 20:17:47";"2026-05-31 09:00:00";"2026-05-31 09:00:00";"已取消";;"2026-05-27 09:01:34";"2026-06-12 09:39:55";"175.00";"USD";"Новый HUAWEI Watch FIT 4 Pro Black";"черный";;"3071371352";"WWFIT4PGBL";"175.00";"USD";"10888.00";"RUB";"1";;;;"175.00";"0%";"0.00";;;
"0105374884-1124";"0105374884-1124-2";"2026-05-26 21:07:43";"2026-05-31 09:00:00";"2026-05-31 09:00:00";"已签收";"2026-06-10 13:01:40";"2026-05-27 08:43:29";;"75.00";"USD";"Новый realme Watch S5 Beige";"светло-бежевый";;"4015708408";"WRWAHS5EWH";"75.00";"USD";"4674.00";"RUB";"1";;;;"75.00";"0%";"0.00";;;
"0156867376-0420";"0156867376-0420-2";"2026-05-26 21:25:40";"2026-05-31 09:00:00";"2026-05-31 09:00:00";"已签收";"2026-06-10 15:29:50";"2026-05-27 08:43:39";;"175.00";"USD";"Новый HUAWEI Watch FIT 4 Pro Black";"черный";;"3071371352";"WWFIT4PGBL";"175.00";"USD";"10907.00";"RUB";"1";;;;"175.00";"0%";"0.00";;;
"0185598104-0023";"0185598104-0023-1";"2026-05-26 22:08:47";"2026-05-31 09:00:00";"2026-05-31 09:00:00";"已签收";"2026-06-09 15:48:58";"2026-05-27 09:18:01";;"285.00";"USD";"Новый HUAWEI WATCH GT 6 Pro 46mm Black Fluoroelastomer Strap";"черный";;"3025825907";"WWGT6PG46BL";"285.00";"USD";"17865.00";"RUB";"1";;;;"285.00";"0%";"0.00";;;
"84526198-0147";"84526198-0147-1";"2026-05-27 02:51:17";"2026-05-31 09:00:00";"2026-05-31 09:00:00";"已取消";;;"2026-05-27 05:11:13";"175.00";"USD";"Новый HUAWEI Watch FIT 4 Pro Black";"черный";;"3071371352";"WWFIT4PGBL";"175.00";"USD";"10907.00";"RUB";"1";;;;"175.00";"0%";"0.00";;;
"0126667935-0427";"0126667935-0427-1";"2026-05-27 07:20:07";"2026-05-31 09:00:00";"2026-05-31 09:00:00";"已签收";"2026-06-10 10:12:37";"2026-05-28 06:06:18";;"175.00";"USD";"Новый HUAWEI Watch FIT 4 Pro Black";"черный";;"3071371352";"WWFIT4PGBL";"175.00";"USD";"10907.00";"RUB";"1";;;;"175.00";"0%";"0.00";;;
"0103520547-0111";"0103520547-0111-1";"2026-05-27 07:42:36";"2026-05-31 09:00:00";"2026-05-31 09:00:00";"已签收";"2026-06-09 10:59:31";"2026-05-28 06:04:16";;"285.00";"USD";"Новый HUAWEI WATCH GT 6 Pro 46mm Black Fluoroelastomer Strap";"черный";;"3025825907";"WWGT6PG46BL";"285.00";"USD";"17865.00";"RUB";"1";;;;"285.00";"0%";"0.00";;;
"38382676-0129";"38382676-0129-1";"2026-05-27 08:22:47";"2026-05-31 09:00:00";"2026-05-31 09:00:00";"已签收";"2026-06-08 15:35:27";"2026-05-28 06:04:56";;"75.00";"USD";"Новый realme Watch S5 Gery";"черно-серый";;"4015703689";"WRWAHS5EGR";"75.00";"USD";"4674.00";"RUB";"1";;;;"75.00";"0%";"0.00";;;
"89917624-0065";"89917624-0065-1";"2026-05-27 08:37:33";"2026-05-31 09:00:00";"2026-05-31 09:00:00";"已签收";"2026-06-07 18:10:30";"2026-05-28 06:04:23";;"175.00";"USD";"Новый HUAWEI Watch FIT 4 Pro Black";"черный";;"3071371352";"WWFIT4PGBL";"175.00";"USD";"10907.00";"RUB";"1";;;;"175.00";"0%";"0.00";;;
"0113183632-0296";"0113183632-0296-1";"2026-05-27 08:40:07";"2026-05-31 09:00:00";"2026-05-31 09:00:00";"已签收";"2026-06-10 13:19:21";"2026-05-28 05:58:15";;"407.00";"USD";"Новый CN OnePlus Ace 6T 12/256GB Black";"черный";;"4214535321";"MOA6T5GCU12256BL";"407.00";"USD";"25513.00";"RUB";"1";;;;"407.00";"0%";"0.00";;;
"86841853-0188";"86841853-0188-1";"2026-05-27 11:56:31";"2026-06-01 09:00:00";"2026-06-01 09:00:00";"已取消";;;"2026-05-27 13:27:49";"285.00";"USD";"Новый HUAWEI WATCH GT 6 Pro 46mm Black Fluoroelastomer Strap";"черный";;"3025825907";"WWGT6PG46BL";"285.00";"USD";"17865.00";"RUB";"1";;;;"285.00";"0%";"0.00";;;
"84186517-0135";"84186517-0135-1";"2026-05-27 13:53:17";"2026-06-01 09:00:00";"2026-06-01 09:00:00";"已取消";;;"2026-05-27 16:41:14";"650.00";"USD";"Новый CN OnePlus 15 12/256GB Gery";"темно-бежевый";;"4201696641";"MO155GCGU12256GR";"650.00";"USD";"40656.00";"RUB";"1";;;;"650.00";"0%";"0.00";;;
"35256357-0132";"35256357-0132-1";"2026-05-27 14:04:32";"2026-06-01 09:00:00";"2026-06-01 09:00:00";"已签收";"2026-06-08 13:21:32";"2026-05-28 06:05:03";;"75.00";"USD";"Новый realme Watch S5 Gery";"черно-серый";;"4015703689";"WRWAHS5EGR";"75.00";"USD";"4880.00";"RUB";"1";;;;"75.00";"0%";"0.00";;;
"76111378-0263";"76111378-0263-1";"2026-05-27 16:13:59";"2026-06-01 09:00:00";"2026-06-01 09:00:00";"已签收";"2026-06-08 10:43:35";"2026-05-28 06:04:04";;"175.00";"USD";"Новый HUAWEI Watch FIT 4 Pro Black";"черный";;"3071371352";"WWFIT4PGBL";"175.00";"USD";"10883.00";"RUB";"1";;;;"175.00";"0%";"0.00";;;
"71548474-0153";"71548474-0153-1";"2026-05-27 21:10:09";"2026-06-01 09:00:00";"2026-06-01 09:00:00";"已签收";"2026-06-08 15:34:58";"2026-05-28 06:05:26";;"75.00";"USD";"Новый realme Watch S5 Beige";"светло-бежевый";;"4015708408";"WRWAHS5EWH";"75.00";"USD";"4614.00";"RUB";"1";;;;"75.00";"0%";"0.00";;;
"67299760-0258";"67299760-0258-1";"2026-05-28 01:09:24";"2026-06-01 09:00:00";"2026-06-01 09:00:00";"已签收";"2026-06-10 11:12:11";"2026-05-29 06:26:02";;"175.00";"USD";"Новый HUAWEI Watch FIT 4 Pro Black";"черный";;"3071371352";"WWFIT4PGBL";"175.00";"USD";"10766.00";"RUB";"1";;;;"175.00";"0%";"0.00";;;
"77120830-0093";"77120830-0093-1";"2026-05-28 02:49:25";"2026-06-01 09:00:00";"2026-06-01 09:00:00";"已签收";"2026-06-08 14:07:22";"2026-05-29 06:21:42";;"230.00";"USD";"Новый Garmin Forerunner 165 Black";"черный матовый";;"1971827174";"WGMF165K46BL";"230.00";"USD";"14232.00";"RUB";"1";;;;"230.00";"0%";"0.00";;;
"67002576-0232";"67002576-0232-1";"2026-05-28 03:06:55";"2026-06-01 09:00:00";"2026-06-01 09:00:00";"已签收";"2026-06-09 14:23:39";"2026-05-29 06:22:42";;"230.00";"USD";"Новый Garmin Forerunner 165 Black";"черный матовый";;"1971827174";"WGMF165K46BL";"230.00";"USD";"14232.00";"RUB";"1";;;;"230.00";"0%";"0.00";;;
"01908380-0627";"01908380-0627-1";"2026-05-28 03:23:18";"2026-06-01 09:00:00";"2026-06-01 09:00:00";"已签收";"2026-06-07 14:24:54";"2026-05-29 06:25:36";;"650.00";"USD";"Новый CN OnePlus 15 12/256GB Gery";"темно-бежевый";;"4201696641";"MO155GCGU12256GR";"650.00";"USD";"40221.00";"RUB";"1";;;;"650.00";"0%";"0.00";;;
"23540786-0803";"23540786-0803-1";"2026-05-28 04:07:02";"2026-06-01 09:00:00";"2026-06-01 09:00:00";"已签收";"2026-06-08 13:51:04";"2026-05-29 06:19:26";;"75.00";"USD";"Новый realme Watch S5 Gery";"черно-серый";;"4015703689";"WRWAHS5EGR";"75.00";"USD";"4614.00";"RUB";"1";;;;"75.00";"0%";"0.00";;;
"65743550-0599";"65743550-0599-1";"2026-05-28 05:13:12";"2026-06-01 09:00:00";"2026-06-01 09:00:00";"已签收";"2026-06-07 12:56:13";"2026-05-29 06:21:21";;"230.00";"USD";"Новый Garmin Forerunner 165 Black";"черный матовый";;"1971827174";"WGMF165K46BL";"230.00";"USD";"14032.00";"RUB";"1";;;;"230.00";"0%";"0.00";;;
"63022794-0234";"63022794-0234-1";"2026-05-28 05:14:40";"2026-06-01 09:00:00";"2026-06-01 09:00:00";"已签收";"2026-06-07 17:05:06";"2026-05-29 06:20:02";;"285.00";"USD";"Новый HUAWEI WATCH GT 6 Pro 46mm Black Fluoroelastomer Strap";"черный";;"3025825907";"WWGT6PG46BL";"285.00";"USD";"17635.00";"RUB";"1";;;;"285.00";"0%";"0.00";;;
"63022794-0235";"63022794-0235-1";"2026-05-28 05:15:31";"2026-06-01 09:00:00";"2026-06-01 09:00:00";"已签收";"2026-06-07 17:05:08";"2026-05-29 06:23:22";;"285.00";"USD";"Новый HUAWEI WATCH GT 6 Pro 46mm Black Fluoroelastomer Strap";"черный";;"3025825907";"WWGT6PG46BL";"285.00";"USD";"17635.00";"RUB";"1";;;;"285.00";"0%";"0.00";;;
"59395716-0377";"59395716-0377-1";"2026-05-28 05:19:45";"2026-06-01 09:00:00";"2026-06-01 09:00:00";"已取消";;;"2026-05-28 05:43:46";"230.00";"USD";"Новый Garmin Forerunner 165 Black";"черный матовый";;"1971827174";"WGMF165K46BL";"230.00";"USD";"14232.00";"RUB";"1";;;;"230.00";"0%";"0.00";;;
"01750539-0108";"01750539-0108-1";"2026-05-28 06:38:33";"2026-06-01 09:00:00";"2026-06-01 09:00:00";"已签收";"2026-06-16 08:06:37";"2026-05-29 06:22:43";;"285.00";"USD";"Новый HUAWEI WATCH GT 6 Pro 46mm Black Fluoroelastomer Strap";"черный";;"3025825907";"WWGT6PG46BL";"285.00";"USD";"17635.00";"RUB";"1";;;;"285.00";"0%";"0.00";;;
"62343723-0172";"62343723-0172-1";"2026-05-28 08:30:12";"2026-06-01 09:00:00";"2026-06-01 09:00:00";"已签收";"2026-06-07 16:40:14";"2026-05-29 06:21:42";;"285.00";"USD";"Новый HUAWEI WATCH GT 6 Pro 46mm Black Fluoroelastomer Strap";"черный";;"3025825907";"WWGT6PG46BL";"285.00";"USD";"17635.00";"RUB";"1";;;;"285.00";"0%";"0.00";;;
"74769910-0363";"74769910-0363-1";"2026-05-28 11:30:27";"2026-06-02 09:00:00";"2026-06-02 09:00:00";"已签收";"2026-06-09 14:53:14";"2026-05-29 06:23:26";;"285.00";"USD";"Новый HUAWEI WATCH GT 6 Pro 46mm Black Fluoroelastomer Strap";"черный";;"3025825907";"WWGT6PG46BL";"285.00";"USD";"17635.00";"RUB";"1";;;;"285.00";"0%";"0.00";;;
"74473415-0108";"74473415-0108-1";"2026-05-28 11:51:25";"2026-06-02 09:00:00";"2026-06-02 09:00:00";"已签收";"2026-06-10 11:57:25";"2026-05-29 06:25:26";;"285.00";"USD";"Новый HUAWEI WATCH GT 6 Pro 46mm Black Fluoroelastomer Strap";"черный";;"3025825907";"WWGT6PG46BL";"285.00";"USD";"17635.00";"RUB";"1";;;;"285.00";"0%";"0.00";;;
"63627764-0058";"63627764-0058-1";"2026-05-28 15:18:29";"2026-06-02 09:00:00";"2026-06-02 09:00:00";"已签收";"2026-06-07 10:36:16";"2026-05-29 06:25:02";;"75.00";"USD";"Новый realme Watch S5 Beige";"светло-бежевый";;"4015708408";"WRWAHS5EWH";"75.00";"USD";"4614.00";"RUB";"1";;;;"75.00";"0%";"0.00";;;
"35163029-1303";"35163029-1303-1";"2026-05-28 16:45:31";"2026-06-02 09:00:00";"2026-06-02 09:00:00";"已取消";;;"2026-05-28 20:18:15";"230.00";"USD";"Новый Garmin Forerunner 165 Black";"черный матовый";;"1971827174";"WGMF165K46BL";"230.00";"USD";"14232.00";"RUB";"1";;;;"230.00";"0%";"0.00";;;
"41043336-0577";"41043336-0577-1";"2026-05-28 16:47:40";"2026-06-02 09:00:00";"2026-06-02 09:00:00";"已取消";;;"2026-05-28 20:18:03";"230.00";"USD";"Новый Garmin Forerunner 165 Black";"черный матовый";;"1971827174";"WGMF165K46BL";"230.00";"USD";"14232.00";"RUB";"1";;;;"230.00";"0%";"0.00";;;
"0136791443-0129";"0136791443-0129-1";"2026-05-28 17:49:41";"2026-06-02 09:00:00";"2026-06-02 09:00:00";"已签收";"2026-06-09 15:51:00";"2026-05-29 06:23:35";;"75.00";"USD";"Новый realme Watch S5 Beige";"светло-бежевый";;"4015708408";"WRWAHS5EWH";"75.00";"USD";"4614.00";"RUB";"1";;;;"75.00";"0%";"0.00";;;
"43295000-0691";"43295000-0691-1";"2026-05-28 20:20:36";"2026-06-02 09:00:00";"2026-06-02 09:00:00";"已取消";;"2026-05-29 06:23:21";"2026-06-11 08:52:47";"285.00";"USD";"Новый HUAWEI WATCH GT 6 Pro 46mm Black Fluoroelastomer Strap";"черный";;"3025825907";"WWGT6PG46BL";"285.00";"USD";"17635.00";"RUB";"1";;;;"285.00";"0%";"0.00";;;
"50593580-0169";"50593580-0169-1";"2026-05-28 23:48:45";"2026-06-02 09:00:00";"2026-06-02 09:00:00";"已签收";"2026-06-07 13:36:54";"2026-05-29 06:23:22";;"650.00";"USD";"Новый CN OnePlus 15 12/256GB Gery";"темно-бежевый";;"4201696641";"MO155GCGU12256GR";"650.00";"USD";"40488.00";"RUB";"1";;;;"650.00";"0%";"0.00";;;
"71977226-0335";"71977226-0335-1";"2026-05-29 04:16:15";"2026-06-02 09:00:00";"2026-06-02 09:00:00";"已签收";"2026-06-10 14:41:39";"2026-05-30 07:36:05";;"290.00";"USD";"Новый HUAWEI WATCH GT 6 Pro 46mm Black Fluoroelastomer Strap";"черный";;"3025825907";"WWGT6PG46BL";"290.00";"USD";"18064.00";"RUB";"1";;;;"290.00";"0%";"0.00";;;
"58353595-0163";"58353595-0163-1";"2026-05-29 04:20:59";"2026-06-03 23:00:00";"2026-06-03 23:00:00";"已签收";"2026-06-11 16:32:57";"2026-05-29 08:20:52";;"255.00";"USD";"Новый CN Garmin Forerunner 265 Black";"черный";;"1936515175";"WGMFR265C46BL";"255.00";"USD";"15884.00";"RUB";"1";;;;"255.00";"0%";"0.00";;;
"0104980768-0431";"0104980768-0431-1";"2026-05-29 06:02:59";"2026-06-02 09:00:00";"2026-06-02 09:00:00";"已签收";"2026-06-13 10:33:48";"2026-05-30 07:31:18";;"75.00";"USD";"Новый realme Watch S5 Gery";"черно-серый";;"4015703689";"WRWAHS5EGR";"75.00";"USD";"4645.00";"RUB";"1";;;;"75.00";"0%";"0.00";;;
"0145953280-0226";"0145953280-0226-1";"2026-05-29 06:43:50";"2026-06-02 09:00:00";"2026-06-02 09:00:00";"已签收";"2026-06-17 05:12:36";"2026-05-30 07:36:16";;"290.00";"USD";"Новый HUAWEI WATCH GT 6 Pro 46mm Black Fluoroelastomer Strap";"черный";;"3025825907";"WWGT6PG46BL";"290.00";"USD";"18064.00";"RUB";"1";;;;"290.00";"0%";"0.00";;;
"0173707457-0324";"0173707457-0324-1";"2026-05-29 09:33:26";"2026-06-03 09:00:00";"2026-06-03 09:00:00";"已取消";;;"2026-05-29 09:56:03";"290.00";"USD";"Новый HUAWEI WATCH GT 6 Pro 46mm Black Fluoroelastomer Strap";"черный";;"3025825907";"WWGT6PG46BL";"290.00";"USD";"18064.00";"RUB";"1";;;;"290.00";"0%";"0.00";;;
"59807545-0080";"59807545-0080-1";"2026-05-29 10:30:26";"2026-06-03 09:00:00";"2026-06-03 09:00:00";"已签收";"2026-06-11 14:59:42";"2026-05-30 07:36:43";;"290.00";"USD";"Новый HUAWEI WATCH GT 6 Pro 46mm Black Fluoroelastomer Strap";"черный";;"3025825907";"WWGT6PG46BL";"290.00";"USD";"18064.00";"RUB";"1";;;;"290.00";"0%";"0.00";;;
"0215297447-0024";"0215297447-0024-1";"2026-05-29 11:39:12";"2026-06-03 09:00:00";"2026-06-03 09:00:00";"已签收";"2026-06-09 15:59:06";"2026-05-30 07:31:03";;"230.00";"USD";"Новый Garmin Forerunner 165 Black";"черный матовый";;"1971827174";"WGMF165K46BL";"230.00";"USD";"14327.00";"RUB";"1";;;;"230.00";"0%";"0.00";;;
"75270751-0205";"75270751-0205-1";"2026-05-29 14:10:06";"2026-06-03 09:00:00";"2026-06-03 09:00:00";"已签收";"2026-06-09 17:01:24";"2026-05-30 07:30:26";;"75.00";"USD";"Новый realme Watch S5 Beige";"светло-бежевый";;"4015708408";"WRWAHS5EWH";"75.00";"USD";"4653.00";"RUB";"1";;;;"75.00";"0%";"0.00";;;
"41043336-0583";"41043336-0583-1";"2026-05-29 16:48:53";"2026-06-03 09:00:00";"2026-06-03 09:00:00";"已签收";"2026-06-16 14:22:52";"2026-05-30 07:31:25";;"230.00";"USD";"Новый Garmin Forerunner 165 Black";"черный матовый";;"1971827174";"WGMF165K46BL";"230.00";"USD";"14351.00";"RUB";"1";;;;"230.00";"0%";"0.00";;;
"51197012-0467";"51197012-0467-1";"2026-05-29 16:49:58";"2026-06-03 09:00:00";"2026-06-03 09:00:00";"已签收";"2026-06-21 17:39:54";"2026-05-30 07:30:15";;"230.00";"USD";"Новый Garmin Forerunner 165 Black";"черный матовый";;"1971827174";"WGMF165K46BL";"230.00";"USD";"14351.00";"RUB";"1";;;;"230.00";"0%";"0.00";;;
"35163029-1308";"35163029-1308-1";"2026-05-29 16:53:17";"2026-06-03 09:00:00";"2026-06-03 09:00:00";"已取消";;"2026-05-30 07:31:42";"2026-06-15 08:00:11";"230.00";"USD";"Новый Garmin Forerunner 165 Black";"черный матовый";;"1971827174";"WGMF165K46BL";"230.00";"USD";"14351.00";"RUB";"1";;;;"230.00";"0%";"0.00";;;
"0209508878-0222";"0209508878-0222-1";"2026-05-29 16:55:31";"2026-06-03 09:00:00";"2026-06-03 09:00:00";"已签收";"2026-06-09 18:04:33";"2026-05-30 07:32:04";;"230.00";"USD";"Новый Garmin Forerunner 165 Black";"черный матовый";;"1971827174";"WGMF165K46BL";"230.00";"USD";"14351.00";"RUB";"1";;;;"230.00";"0%";"0.00";;;
"47985953-0271";"47985953-0271-1";"2026-05-29 16:57:18";"2026-06-03 09:00:00";"2026-06-03 09:00:00";"已签收";"2026-06-21 17:38:58";"2026-05-30 07:31:19";;"230.00";"USD";"Новый Garmin Forerunner 165 Black";"черный матовый";;"1971827174";"WGMF165K46BL";"230.00";"USD";"14351.00";"RUB";"1";;;;"230.00";"0%";"0.00";;;
"0207986144-0244";"0207986144-0244-1";"2026-05-29 16:59:18";"2026-06-03 09:00:00";"2026-06-03 09:00:00";"已签收";"2026-06-21 16:51:48";"2026-05-30 07:31:02";;"230.00";"USD";"Новый Garmin Forerunner 165 Black";"черный матовый";;"1971827174";"WGMF165K46BL";"230.00";"USD";"14351.00";"RUB";"1";;;;"230.00";"0%";"0.00";;;
"08305313-0073";"08305313-0073-1";"2026-05-29 18:10:15";"2026-06-03 09:00:00";"2026-06-03 09:00:00";"已签收";"2026-06-10 09:55:58";"2026-05-30 07:37:08";;"175.00";"USD";"Новый HUAWEI Watch FIT 4 Pro Green";"зеленый";;"3075997003";"WWFIT4PGGN";"175.00";"USD";"11443.00";"RUB";"1";;;;"175.00";"0%";"0.00";;;
"66558700-0396";"66558700-0396-1";"2026-05-29 18:55:44";"2026-06-03 09:00:00";"2026-06-03 09:00:00";"已签收";"2026-06-12 07:17:45";"2026-05-30 07:32:04";;"75.00";"USD";"Новый realme Watch S5 Beige";"светло-бежевый";;"4015708408";"WRWAHS5EWH";"75.00";"USD";"4653.00";"RUB";"1";;;;"75.00";"0%";"0.00";;;
"12330450-0854";"12330450-0854-1";"2026-05-30 04:32:32";"2026-06-03 09:00:00";"2026-06-03 09:00:00";"已签收";"2026-06-11 11:04:19";"2026-06-01 07:32:14";;"75.00";"USD";"Новый realme Watch S5 Beige";"светло-бежевый";;"4015708408";"WRWAHS5EWH";"75.00";"USD";"4630.00";"RUB";"1";;;;"75.00";"0%";"0.00";;;
"0154453157-0216";"0154453157-0216-1";"2026-05-30 05:21:26";"2026-06-03 09:00:00";"2026-06-03 09:00:00";"已签收";"2026-06-15 14:55:15";"2026-06-01 07:32:13";;"650.00";"USD";"Новый CN OnePlus 15 12/256GB Gery";"темно-бежевый";;"4201696641";"MO155GCGU12256GR";"650.00";"USD";"40360.00";"RUB";"1";;;;"650.00";"0%";"0.00";;;
"52704449-0060";"52704449-0060-1";"2026-05-30 05:30:26";"2026-06-03 09:00:00";"2026-06-03 09:00:00";"已签收";"2026-06-10 13:50:25";"2026-06-01 07:32:16";;"75.00";"USD";"Новый realme Watch S5 Beige";"светло-бежевый";;"4015708408";"WRWAHS5EWH";"75.00";"USD";"4630.00";"RUB";"1";;;;"75.00";"0%";"0.00";;;
"52704449-0060";"52704449-0060-1";"2026-05-30 05:30:26";"2026-06-03 09:00:00";"2026-06-03 09:00:00";"已签收";"2026-06-10 13:50:25";"2026-06-01 07:32:16";;"75.00";"USD";"Новый realme Watch S5 Gery";"черно-серый";;"4015703689";"WRWAHS5EGR";"75.00";"USD";"4630.00";"RUB";"1";;;;"75.00";"0%";"0.00";;;
"06327805-0536";"06327805-0536-1";"2026-05-30 06:58:54";"2026-06-03 09:00:00";"2026-06-03 09:00:00";"已取消";;"2026-06-01 07:30:30";"2026-06-15 08:00:12";"230.00";"USD";"Новый Garmin Forerunner 165 White";"хром";;"1971826756";"WGMF165K46WH";"230.00";"USD";"14445.00";"RUB";"1";;;;"230.00";"0%";"0.00";;;
"10993466-0289";"10993466-0289-4";"2026-05-30 08:08:04";"2026-06-03 09:00:00";"2026-06-03 09:00:00";"已签收";"2026-06-11 13:27:10";"2026-06-01 07:22:57";;"287.00";"USD";"Новый Garmin Edge 540 велокомпьютер с GPS(Standard Edition) 010-02694-04";"черный";;"2918882869";"WGMED540ECBL";"287.00";"USD";"17761.00";"RUB";"1";;;;"287.00";"0%";"0.00";;;
"58531124-0401";"58531124-0401-1";"2026-05-30 11:13:33";"2026-06-04 09:00:00";"2026-06-04 09:00:00";"已签收";"2026-06-10 17:34:42";"2026-06-01 07:32:17";;"75.00";"USD";"Новый realme Watch S5 Beige";"светло-бежевый";;"4015708408";"WRWAHS5EWH";"75.00";"USD";"4626.00";"RUB";"1";;;;"75.00";"0%";"0.00";;;
"64487239-0066";"64487239-0066-1";"2026-05-30 15:10:02";"2026-06-04 09:00:00";"2026-06-04 09:00:00";"已签收";"2026-06-11 07:43:34";"2026-06-01 07:23:39";;"230.00";"USD";"Новый Garmin Forerunner 165 Black";"черный матовый";;"1971827174";"WGMF165K46BL";"230.00";"USD";"14268.00";"RUB";"1";;;;"230.00";"0%";"0.00";;;
"0207986144-0248";"0207986144-0248-1";"2026-05-30 15:31:10";"2026-06-04 09:00:00";"2026-06-04 09:00:00";"已签收";"2026-06-09 18:16:20";"2026-06-01 07:32:14";;"407.00";"USD";"Новый CN OnePlus Ace 6T 12/256GB Black";"черный";;"4214535321";"MOA6T5GCU12256BL";"407.00";"USD";"16526.40";"RUB";"1";;;;"407.00";"0%";"0.00";;;
"35163029-1314";"35163029-1314-1";"2026-05-30 15:32:28";"2026-06-04 09:00:00";"2026-06-04 09:00:00";"已签收";"2026-06-09 18:02:35";"2026-06-01 07:32:13";;"407.00";"USD";"Новый CN OnePlus Ace 6T 12/256GB Black";"черный";;"4214535321";"MOA6T5GCU12256BL";"407.00";"USD";"16526.90";"RUB";"1";;;;"407.00";"0%";"0.00";;;
"0124593186-0237";"0124593186-0237-1";"2026-05-30 16:24:34";"2026-06-04 09:00:00";"2026-06-04 09:00:00";"已签收";"2026-06-10 18:33:49";"2026-06-01 07:32:13";;"230.00";"USD";"Новый Garmin Forerunner 165 Black";"черный матовый";;"1971827174";"WGMF165K46BL";"230.00";"USD";"14268.00";"RUB";"1";;;;"230.00";"0%";"0.00";;;
"64186704-0370";"64186704-0370-1";"2026-05-30 17:20:09";"2026-06-04 09:00:00";"2026-06-04 09:00:00";"已签收";"2026-06-12 14:48:30";"2026-06-01 07:23:41";;"230.00";"USD";"Новый Garmin Forerunner 165 White";"хром";;"1971826756";"WGMF165K46WH";"230.00";"USD";"15014.00";"RUB";"1";;;;"230.00";"0%";"0.00";;;
"67027808-0648";"67027808-0648-1";"2026-05-30 18:35:13";"2026-06-04 09:00:00";"2026-06-04 09:00:00";"已签收";"2026-06-12 06:07:04";"2026-06-01 07:29:33";;"230.00";"USD";"Новый Garmin Forerunner 165 White";"хром";;"1971826756";"WGMF165K46WH";"230.00";"USD";"14432.00";"RUB";"1";;;;"230.00";"0%";"0.00";;;
"56455690-0162";"56455690-0162-1";"2026-05-30 18:48:20";"2026-06-04 09:00:00";"2026-06-04 09:00:00";"已签收";"2026-06-10 15:22:24";"2026-06-01 07:32:14";;"75.00";"USD";"Новый realme Watch S5 Gery";"черно-серый";;"4015703689";"WRWAHS5EGR";"75.00";"USD";"4626.00";"RUB";"1";;;;"75.00";"0%";"0.00";;;
"02090266-2804";"02090266-2804-1";"2026-05-30 20:07:19";"2026-06-04 09:00:00";"2026-06-04 09:00:00";"已签收";"2026-06-09 11:25:34";"2026-06-01 07:29:36";;"230.00";"USD";"Новый Garmin Forerunner 165 White";"хром";;"1971826756";"WGMF165K46WH";"230.00";"USD";"14432.00";"RUB";"1";;;;"230.00";"0%";"0.00";;;
"0224501332-0044";"0224501332-0044-1";"2026-05-31 02:46:10";"2026-06-04 09:00:00";"2026-06-04 09:00:00";"已签收";"2026-06-22 01:43:48";"2026-06-01 07:30:18";;"230.00";"USD";"Новый Garmin Forerunner 165 Black";"черный матовый";;"1971827174";"WGMF165K46BL";"230.00";"USD";"14268.00";"RUB";"1";;;;"230.00";"0%";"0.00";;;
"45696847-0172";"45696847-0172-1";"2026-05-31 06:59:45";"2026-06-04 09:00:00";"2026-06-04 09:00:00";"已签收";"2026-06-10 16:31:05";"2026-06-01 07:30:16";;"230.00";"USD";"Новый Garmin Forerunner 165 Black";"черный матовый";;"1971827174";"WGMF165K46BL";"230.00";"USD";"14268.00";"RUB";"1";;;;"230.00";"0%";"0.00";;;
"48073674-0049";"48073674-0049-1";"2026-05-31 13:46:33";"2026-06-05 09:00:00";"2026-06-05 09:00:00";"已签收";"2026-06-09 11:13:10";"2026-06-01 07:30:32";;"230.00";"USD";"Новый Garmin Forerunner 165 White";"хром";;"1971826756";"WGMF165K46WH";"230.00";"USD";"15014.00";"RUB";"1";;;;"230.00";"0%";"0.00";;;
"31325272-0229";"31325272-0229-1";"2026-05-31 15:30:05";"2026-06-05 09:00:00";"2026-06-05 09:00:00";"已签收";"2026-06-10 09:27:40";"2026-06-01 07:32:15";;"75.00";"USD";"Новый realme Watch S5 Beige";"светло-бежевый";;"4015708408";"WRWAHS5EWH";"75.00";"USD";"4626.00";"RUB";"1";;;;"75.00";"0%";"0.00";;;
"43038427-0301";"43038427-0301-1";"2026-05-31 20:26:38";"2026-06-05 09:00:00";"2026-06-05 09:00:00";"已签收";"2026-06-10 15:40:46";"2026-06-01 07:29:35";;"230.00";"USD";"Новый Garmin Forerunner 165 White";"хром";;"1971826756";"WGMF165K46WH";"230.00";"USD";"14432.00";"RUB";"1";;;;"230.00";"0%";"0.00";;;
"35382135-0097";"35382135-0097-1";"2026-05-31 20:43:02";"2026-06-05 09:00:00";"2026-06-05 09:00:00";"已签收";"2026-06-11 15:19:04";"2026-06-01 07:30:19";;"230.00";"USD";"Новый Garmin Forerunner 165 Black";"черный матовый";;"1971827174";"WGMF165K46BL";"230.00";"USD";"14268.00";"RUB";"1";;;;"230.00";"0%";"0.00";;;
"34884048-0569";"34884048-0569-1";"2026-06-01 04:14:27";"2026-06-05 09:00:00";"2026-06-05 09:00:00";"已签收";"2026-06-12 10:04:28";"2026-06-02 07:27:27";;"75.00";"USD";"Новый realme Watch S5 Gery";"черно-серый";;"4015703689";"WRWAHS5EGR";"75.00";"USD";"4626.00";"RUB";"1";;;;"75.00";"0%";"0.00";;;
"66370945-0433";"66370945-0433-1";"2026-06-01 05:14:52";"2026-06-05 09:00:00";"2026-06-05 09:00:00";"已取消";;"2026-06-02 07:27:58";"2026-06-27 18:03:00";"75.00";"USD";"Новый realme Watch S5 Gery";"черно-серый";;"4015703689";"WRWAHS5EGR";"75.00";"USD";"4026.00";"RUB";"1";;;;"75.00";"0%";"0.00";;;
"97184159-0347";"97184159-0347-1";"2026-06-01 06:06:46";"2026-06-05 09:00:00";"2026-06-05 09:00:00";"已取消";;;"2026-06-01 21:40:58";"75.00";"USD";"Новый realme Watch S5 Gery";"черно-серый";;"4015703689";"WRWAHS5EGR";"75.00";"USD";"4626.00";"RUB";"1";;;;"75.00";"0%";"0.00";;;
"0216518164-0005";"0216518164-0005-1";"2026-06-01 11:35:53";"2026-06-06 09:00:00";"2026-06-06 09:00:00";"已签收";"2026-06-11 13:19:25";"2026-06-02 07:25:37";;"240.00";"USD";"Новый Garmin Forerunner 165 Black";"черный матовый";;"1971827174";"WGMF165K46BL";"240.00";"USD";"14888.00";"RUB";"1";;;;"240.00";"0%";"0.00";;;
"75713792-0126";"75713792-0126-2";"2026-06-01 11:56:58";"2026-06-06 09:00:00";"2026-06-06 09:00:00";"已签收";"2026-06-15 17:36:40";"2026-06-02 07:25:29";;"240.00";"USD";"Новый Garmin Forerunner 165 Black";"черный матовый";;"1971827174";"WGMF165K46BL";"240.00";"USD";"14888.00";"RUB";"1";;;;"240.00";"0%";"0.00";;;
"0110615082-0120";"0110615082-0120-2";"2026-06-01 13:28:17";"2026-06-06 09:00:00";"2026-06-06 09:00:00";"已取消";;;"2026-06-01 16:13:46";"361.00";"USD";"Новый realme Pad 3 5G 8/256GB Gery";"черно-серый";;"4272301876";"DRPD35GGE8256GR";"361.00";"USD";"22394.00";"RUB";"1";;;;"361.00";"0%";"0.00";;;
"57184133-0441";"57184133-0441-1";"2026-06-01 17:27:18";"2026-06-06 09:00:00";"2026-06-06 09:00:00";"已取消";;;"2026-06-01 17:44:35";"76.00";"USD";"Новый realme Watch S5 Gery";"черно-серый";;"4015703689";"WRWAHS5EGR";"76.00";"USD";"4727.00";"RUB";"1";;;;"76.00";"0%";"0.00";;;
"34687030-0397";"34687030-0397-1";"2026-06-02 06:05:04";"2026-06-06 09:00:00";"2026-06-06 09:00:00";"已签收";"2026-06-13 14:26:42";"2026-06-03 07:13:24";;"195.00";"USD";"Новый HUAWEI FreeClip 2 White";"белый";;"3668262305";"EWFC2GWH";"195.00";"USD";"11097.00";"RUB";"1";;;;"195.00";"0%";"0.00";;;
"0141039633-0069";"0141039633-0069-1";"2026-06-02 06:45:48";"2026-06-06 09:00:00";"2026-06-06 09:00:00";"已取消";;"2026-06-03 07:09:38";"2026-06-23 11:05:28";"240.00";"USD";"Новый Garmin Forerunner 165 Black";"черный матовый";;"1971827174";"WGMF165K46BL";"240.00";"USD";"15125.00";"RUB";"1";;;;"240.00";"0%";"0.00";;;
"0118354215-0260";"0118354215-0260-1";"2026-06-02 07:50:12";"2026-06-06 09:00:00";"2026-06-06 09:00:00";"已签收";"2026-06-13 14:57:16";"2026-06-03 07:09:37";;"240.00";"USD";"Новый Garmin Forerunner 165 White";"хром";;"1971826756";"WGMF165K46WH";"240.00";"USD";"15125.00";"RUB";"1";;;;"240.00";"0%";"0.00";;;
"06942143-0149";"06942143-0149-1";"2026-06-02 11:56:32";"2026-06-07 09:00:00";"2026-06-07 09:00:00";"已签收";"2026-06-12 15:30:59";"2026-06-03 07:09:42";;"240.00";"USD";"Новый Garmin Forerunner 165 Black";"черный матовый";;"1971827174";"WGMF165K46BL";"240.00";"USD";"15757.00";"RUB";"1";;;;"240.00";"0%";"0.00";;;
"64195366-0764";"64195366-0764-1";"2026-06-02 13:10:31";"2026-06-07 09:00:00";"2026-06-07 09:00:00";"已签收";"2026-06-14 11:12:18";"2026-06-03 07:14:37";;"240.00";"USD";"Новый Garmin Forerunner 165 White";"хром";;"1971826756";"WGMF165K46WH";"240.00";"USD";"15125.00";"RUB";"1";;;;"240.00";"0%";"0.00";;;
"89925721-0065";"89925721-0065-1";"2026-06-02 13:34:29";"2026-06-07 09:00:00";"2026-06-07 09:00:00";"已签收";"2026-06-19 09:50:05";"2026-06-03 07:09:29";;"240.00";"USD";"Новый Garmin Forerunner 165 Black";"черный матовый";;"1971827174";"WGMF165K46BL";"240.00";"USD";"15125.00";"RUB";"1";;;;"240.00";"0%";"0.00";;;
"74418398-0297";"74418398-0297-1";"2026-06-02 16:03:48";"2026-06-07 09:00:00";"2026-06-07 09:00:00";"已签收";"2026-06-13 16:19:02";"2026-06-03 07:09:32";;"283.00";"USD";"Новый Garmin Edge 540 велокомпьютер с GPS(Standard Edition) 010-02694-04";"черный";;"2918882869";"WGMED540ECBL";"283.00";"USD";"16484.00";"RUB";"1";;;;"283.00";"0%";"0.00";;;
"13527684-0337";"13527684-0337-1";"2026-06-02 19:34:37";"2026-06-07 09:00:00";"2026-06-07 09:00:00";"已签收";"2026-06-12 17:42:40";"2026-06-03 07:09:46";;"283.00";"USD";"Новый Garmin Edge 540 велокомпьютер с GPS(Standard Edition) 010-02694-04";"черный";;"2918882869";"WGMED540ECBL";"283.00";"USD";"16484.00";"RUB";"1";;;;"283.00";"0%";"0.00";;;
"0127359586-0351";"0127359586-0351-1";"2026-06-03 07:01:31";"2026-06-08 23:00:00";"2026-06-08 23:00:00";"已签收";"2026-06-23 04:54:06";"2026-06-03 08:21:26";;"240.00";"USD";"Новый Garmin Forerunner 165 Black";"черный матовый";;"1971827174";"WGMF165K46BL";"240.00";"USD";"15370.00";"RUB";"1";;;;"240.00";"0%";"0.00";;;
"40345683-0375";"40345683-0375-1";"2026-06-03 08:31:37";"2026-06-07 09:00:00";"2026-06-07 09:00:00";"已签收";"2026-06-14 17:29:25";"2026-06-04 08:26:42";;"195.00";"USD";"Новый HUAWEI FreeClip 2 White";"белый";;"3668262305";"EWFC2GWH";"195.00";"USD";"11279.00";"RUB";"1";;;;"195.00";"0%";"0.00";;;
"0241536223-0012";"0241536223-0012-1";"2026-06-03 10:13:57";"2026-06-08 23:00:00";"2026-06-08 23:00:00";"已签收";"2026-06-16 08:29:39";"2026-06-04 08:54:27";;"240.00";"USD";"Новый Garmin Forerunner 165 Black";"черный матовый";;"1971827174";"WGMF165K46BL";"240.00";"USD";"15370.00";"RUB";"1";;;;"240.00";"0%";"0.00";;;
"61974118-3578";"61974118-3578-1";"2026-06-03 15:46:58";"2026-06-08 09:00:00";"2026-06-08 09:00:00";"已取消";;"2026-06-04 08:28:02";"2026-06-15 04:40:56";"283.00";"USD";"Новый Garmin Edge 540 велокомпьютер с GPS(Standard Edition) 010-02694-04";"черный";;"2918882869";"WGMED540ECBL";"283.00";"USD";"1643.10";"RUB";"1";;;;"283.00";"0%";"0.00";;;
"03023853-1266";"03023853-1266-1";"2026-06-03 16:39:28";"2026-06-08 23:00:00";"2026-06-08 23:00:00";"已签收";"2026-06-17 10:52:24";"2026-06-04 08:54:28";;"175.00";"USD";"Новый HUAWEI Watch FIT 4 Pro Blue";"голубой";;"3075996223";"WWFIT4PGBU";"175.00";"USD";"11177.00";"RUB";"1";;;;"175.00";"0%";"0.00";;;
"0101230333-0015";"0101230333-0015-1";"2026-06-03 17:55:02";"2026-06-08 09:00:00";"2026-06-08 09:00:00";"已签收";"2026-06-12 16:52:37";"2026-06-04 08:27:08";;"240.00";"USD";"Новый Garmin Forerunner 165 Black";"черный матовый";;"1971827174";"WGMF165K46BL";"240.00";"USD";"15415.00";"RUB";"1";;;;"240.00";"0%";"0.00";;;
"50982337-0061";"50982337-0061-2";"2026-06-03 20:21:15";"2026-06-08 09:00:00";"2026-06-08 09:00:00";"已签收";"2026-06-14 12:24:22";"2026-06-04 08:26:43";;"240.00";"USD";"Новый Garmin Forerunner 165 White";"хром";;"1971826756";"WGMF165K46WH";"240.00";"USD";"15415.00";"RUB";"1";;;;"240.00";"0%";"0.00";;;
"38205134-0310";"38205134-0310-1";"2026-06-03 20:32:27";"2026-06-08 09:00:00";"2026-06-08 09:00:00";"已取消";;;"2026-06-04 04:50:08";"240.00";"USD";"Новый Garmin Forerunner 165 Black";"черный матовый";;"1971827174";"WGMF165K46BL";"240.00";"USD";"15415.00";"RUB";"1";;;;"240.00";"0%";"0.00";;;
"18883913-1296";"18883913-1296-1";"2026-06-03 22:31:41";"2026-06-08 23:00:00";"2026-06-08 23:00:00";"已签收";"2026-06-20 09:06:10";"2026-06-05 09:04:17";;"226.00";"USD";"Новый realme 15T 8/256GB Silver";"серебристый";;"2963652249";"MR15T5GRE8256SR";"226.00";"USD";"14673.00";"RUB";"1";;;;"226.00";"0%";"0.00";;;
"30342026-0078";"30342026-0078-1";"2026-06-04 00:59:12";"2026-06-08 09:00:00";"2026-06-08 09:00:00";"已签收";"2026-06-19 05:44:11";"2026-06-04 08:26:43";;"240.00";"USD";"Новый Garmin Forerunner 165 White";"хром";;"1971826756";"WGMF165K46WH";"240.00";"USD";"15582.00";"RUB";"1";;;;"240.00";"0%";"0.00";;;
"75637925-0055";"75637925-0055-1";"2026-06-04 04:22:28";"2026-06-08 09:00:00";"2026-06-08 09:00:00";"已签收";"2026-06-16 11:34:54";"2026-06-05 08:07:23";;"240.00";"USD";"Новый Garmin Forerunner 165 White";"хром";;"1971826756";"WGMF165K46WH";"240.00";"USD";"15583.00";"RUB";"1";;;;"240.00";"0%";"0.00";;;
"85682734-0103";"85682734-0103-2";"2026-06-04 06:18:41";"2026-06-08 09:00:00";"2026-06-08 09:00:00";"已签收";"2026-06-15 09:53:25";"2026-06-05 08:07:38";;"240.00";"USD";"Новый Garmin Forerunner 165 White";"хром";;"1971826756";"WGMF165K46WH";"240.00";"USD";"15582.00";"RUB";"1";;;;"240.00";"0%";"0.00";;;
"07876876-0370";"07876876-0370-1";"2026-06-04 07:47:06";"2026-06-08 09:00:00";"2026-06-08 09:00:00";"已签收";"2026-06-13 15:18:41";"2026-06-05 08:07:02";;"195.00";"USD";"Новый HUAWEI FreeClip 2 White";"белый";;"3668262305";"EWFC2GWH";"195.00";"USD";"11438.00";"RUB";"1";;;;"195.00";"0%";"0.00";;;
"70944790-0122";"70944790-0122-1";"2026-06-04 08:27:27";"2026-06-08 09:00:00";"2026-06-08 09:00:00";"已取消";;;"2026-06-04 14:18:55";"76.00";"USD";"Новый realme Watch S5 Gery";"черно-серый";;"4015703689";"WRWAHS5EGR";"76.00";"USD";"4906.00";"RUB";"1";;;;"76.00";"0%";"0.00";;;
"0236045928-0007";"0236045928-0007-1";"2026-06-04 08:31:26";"2026-06-08 09:00:00";"2026-06-08 09:00:00";"已签收";"2026-06-16 05:09:26";"2026-06-05 08:07:42";;"240.00";"USD";"Новый Garmin Forerunner 165 White";"хром";;"1971826756";"WGMF165K46WH";"240.00";"USD";"15582.00";"RUB";"1";;;;"240.00";"0%";"0.00";;;
"0115419700-0525";"0115419700-0525-1";"2026-06-04 09:15:18";"2026-06-09 23:00:00";"2026-06-09 23:00:00";"已签收";"2026-06-19 15:35:27";"2026-06-06 08:48:54";;"175.00";"USD";"Новый HUAWEI Watch FIT 4 Pro Green";"зеленый";;"3075997003";"WWFIT4PGGN";"175.00";"USD";"11297.00";"RUB";"1";;;;"175.00";"0%";"0.00";;;
"46263689-0183";"46263689-0183-1";"2026-06-04 10:55:58";"2026-06-09 09:00:00";"2026-06-09 09:00:00";"已签收";"2026-06-15 14:50:57";"2026-06-05 08:07:23";;"283.00";"USD";"Новый Garmin Edge 540 велокомпьютер с GPS(Standard Edition) 010-02694-04";"черный";;"2918882869";"WGMED540ECBL";"283.00";"USD";"16609.00";"RUB";"1";;;;"283.00";"0%";"0.00";;;
"0129776514-0226";"0129776514-0226-1";"2026-06-04 13:11:17";"2026-06-09 23:00:00";"2026-06-09 23:00:00";"已签收";"2026-06-17 15:15:41";"2026-06-06 08:48:58";;"175.00";"USD";"Новый HUAWEI Watch FIT 4 Pro Black";"черный";;"3071371352";"WWFIT4PGBL";"175.00";"USD";"11297.00";"RUB";"1";;;;"175.00";"0%";"0.00";;;
"07334138-0224";"07334138-0224-1";"2026-06-04 20:05:11";"2026-06-09 09:00:00";"2026-06-09 09:00:00";"已签收";"2026-06-13 14:54:26";"2026-06-05 06:30:17";;"389.00";"USD";"Новый OPPO Watch X3 Black";"черный";;"4243558742";"WOPWTHX3GBL";"389.00";"USD";"26174.00";"RUB";"1";;;;"389.00";"0%";"0.00";;;
"34126325-0073";"34126325-0073-1";"2026-06-05 10:56:53";"2026-06-10 09:00:00";"2026-06-10 09:00:00";"已签收";"2026-06-19 09:48:28";"2026-06-06 07:42:06";;"175.00";"USD";"Новый HUAWEI Watch FIT 4 Pro Black";"черный";;"3071371352";"WWFIT4PGBL";"175.00";"USD";"11958.00";"RUB";"1";;;;"175.00";"0%";"0.00";;;
"0114132298-0054";"0114132298-0054-1";"2026-06-05 15:30:50";"2026-06-10 09:00:00";"2026-06-10 09:00:00";"已签收";"2026-06-18 16:39:35";"2026-06-06 07:41:50";;"175.00";"USD";"Новый HUAWEI Watch FIT 4 Pro Black";"черный";;"3071371352";"WWFIT4PGBL";"175.00";"USD";"11484.00";"RUB";"1";;;;"175.00";"0%";"0.00";;;
"67867327-0492";"67867327-0492-1";"2026-06-05 21:57:56";"2026-06-10 09:00:00";"2026-06-10 09:00:00";"已签收";"2026-06-18 13:37:21";"2026-06-06 07:41:55";;"175.00";"USD";"Новый HUAWEI Watch FIT 4 Pro Black";"черный";;"3071371352";"WWFIT4PGBL";"175.00";"USD";"11357.00";"RUB";"1";;;;"175.00";"0%";"0.00";;;
"67867327-0492";"67867327-0492-2";"2026-06-05 21:57:56";"2026-06-10 09:00:00";"2026-06-10 09:00:00";"已签收";"2026-06-18 13:37:21";"2026-06-06 07:41:44";;"175.00";"USD";"Новый HUAWEI Watch FIT 4 Pro Black";"черный";;"3071371352";"WWFIT4PGBL";"175.00";"USD";"11357.00";"RUB";"1";;;;"175.00";"0%";"0.00";;;
"87660858-0160";"87660858-0160-1";"2026-06-06 08:13:19";"2026-06-10 09:00:00";"2026-06-10 09:00:00";"已签收";"2026-06-19 17:48:07";"2026-06-08 09:38:14";;"185.00";"USD";"Новый HUAWEI FreeClip 2 White";"белый";;"3668262305";"EWFC2GWH";"185.00";"USD";"10762.00";"RUB";"1";;;;"185.00";"0%";"0.00";;;
"51650975-0734";"51650975-0734-1";"2026-06-06 08:53:54";"2026-06-10 09:00:00";"2026-06-10 09:00:00";"已签收";"2026-06-20 12:41:16";"2026-06-08 09:32:58";;"175.00";"USD";"Новый HUAWEI Watch FIT 4 Pro Green";"зеленый";;"3075997003";"WWFIT4PGGN";"175.00";"USD";"11214.00";"RUB";"1";;;;"175.00";"0%";"0.00";;;
"66680396-0169";"66680396-0169-1";"2026-06-06 12:58:41";"2026-06-11 09:00:00";"2026-06-11 09:00:00";"已签收";"2026-06-23 10:53:49";"2026-06-08 09:38:23";;"175.00";"USD";"Новый HUAWEI Watch FIT 4 Pro Green";"зеленый";;"3075997003";"WWFIT4PGGN";"175.00";"USD";"11214.00";"RUB";"1";;;;"175.00";"0%";"0.00";;;
"0144147859-0232";"0144147859-0232-1";"2026-06-06 15:08:45";"2026-06-11 09:00:00";"2026-06-11 09:00:00";"已签收";"2026-06-19 14:03:43";"2026-06-08 09:38:21";;"185.00";"USD";"Новый HUAWEI FreeClip 2 White";"белый";;"3668262305";"EWFC2GWH";"185.00";"USD";"10762.00";"RUB";"1";;;;"185.00";"0%";"0.00";;;
"31619605-0750";"31619605-0750-1";"2026-06-06 16:53:13";"2026-06-11 09:00:00";"2026-06-11 09:00:00";"已签收";"2026-06-18 14:57:01";"2026-06-08 09:33:09";;"283.00";"USD";"Новый Garmin Edge 540 велокомпьютер с GPS(Standard Edition) 010-02694-04";"черный";;"2918882869";"WGMED540ECBL";"283.00";"USD";"17619.24";"RUB";"1";;;;"283.00";"0%";"0.00";;;"包含在配送费用中"
"52285728-0334";"52285728-0334-1";"2026-06-06 18:06:11";"2026-06-11 09:00:00";"2026-06-11 09:00:00";"已签收";"2026-06-19 13:34:22";"2026-06-08 09:38:11";;"283.00";"USD";"Новый Garmin Edge 540 велокомпьютер с GPS(Standard Edition) 010-02694-04";"черный";;"2918882869";"WGMED540ECBL";"283.00";"USD";"16305.00";"RUB";"1";;;;"283.00";"0%";"0.00";;;
"57293676-0100";"57293676-0100-1";"2026-06-06 18:31:46";"2026-06-11 09:00:00";"2026-06-11 09:00:00";"已取消";;"2026-06-08 09:38:00";"2026-06-21 10:11:22";"175.00";"USD";"Новый HUAWEI Watch FIT 4 Pro Black";"черный";;"3071371352";"WWFIT4PGBL";"175.00";"USD";"11214.00";"RUB";"1";;;;"175.00";"0%";"0.00";;;
"43050358-0056";"43050358-0056-1";"2026-06-07 11:05:16";"2026-06-12 09:00:00";"2026-06-12 09:00:00";"已签收";"2026-06-18 11:59:50";"2026-06-08 09:32:47";;"175.00";"USD";"Новый HUAWEI Watch FIT 4 Pro Black";"черный";;"3071371352";"WWFIT4PGBL";"175.00";"USD";"11240.00";"RUB";"1";;;;"175.00";"0%";"0.00";;;
"35163029-1341";"35163029-1341-1";"2026-06-07 12:58:35";"2026-06-12 09:00:00";"2026-06-12 09:00:00";"已签收";"2026-06-21 16:53:10";"2026-06-08 09:33:06";;"283.00";"USD";"Новый Garmin Edge 540 велокомпьютер с GPS(Standard Edition) 010-02694-04";"черный";;"2918882869";"WGMED540ECBL";"283.00";"USD";"16493.00";"RUB";"1";;;;"283.00";"0%";"0.00";;;
"35163029-1342";"35163029-1342-1";"2026-06-07 12:59:17";"2026-06-12 09:00:00";"2026-06-12 09:00:00";"已签收";"2026-06-22 11:29:16";"2026-06-08 09:32:37";;"283.00";"USD";"Новый Garmin Edge 540 велокомпьютер с GPS(Standard Edition) 010-02694-04";"черный";;"2918882869";"WGMED540ECBL";"283.00";"USD";"16493.00";"RUB";"1";;;;"283.00";"0%";"0.00";;;
"0209508878-0237";"0209508878-0237-1";"2026-06-07 13:00:21";"2026-06-12 09:00:00";"2026-06-12 09:00:00";"已签收";"2026-06-21 16:28:42";"2026-06-08 09:33:01";;"283.00";"USD";"Новый Garmin Edge 540 велокомпьютер с GPS(Standard Edition) 010-02694-04";"черный";;"2918882869";"WGMED540ECBL";"283.00";"USD";"16493.00";"RUB";"1";;;;"283.00";"0%";"0.00";;;
"0209508878-0238";"0209508878-0238-1";"2026-06-07 13:00:37";"2026-06-12 09:00:00";"2026-06-12 09:00:00";"已签收";"2026-06-21 17:30:11";"2026-06-08 09:32:43";;"283.00";"USD";"Новый Garmin Edge 540 велокомпьютер с GPS(Standard Edition) 010-02694-04";"черный";;"2918882869";"WGMED540ECBL";"283.00";"USD";"16493.00";"RUB";"1";;;;"283.00";"0%";"0.00";;;
"0207986144-0260";"0207986144-0260-1";"2026-06-07 13:00:48";"2026-06-12 09:00:00";"2026-06-12 09:00:00";"已签收";"2026-06-21 15:46:54";"2026-06-08 09:38:29";;"283.00";"USD";"Новый Garmin Edge 540 велокомпьютер с GPS(Standard Edition) 010-02694-04";"черный";;"2918882869";"WGMED540ECBL";"283.00";"USD";"16493.00";"RUB";"1";;;;"283.00";"0%";"0.00";;;
"0207986144-0261";"0207986144-0261-1";"2026-06-07 13:01:14";"2026-06-12 09:00:00";"2026-06-12 09:00:00";"已签收";"2026-07-02 12:24:23";"2026-06-08 09:38:18";;"283.00";"USD";"Новый Garmin Edge 540 велокомпьютер с GPS(Standard Edition) 010-02694-04";"черный";;"2918882869";"WGMED540ECBL";"283.00";"USD";"16493.00";"RUB";"1";;;;"283.00";"0%";"0.00";;;
"41043336-0602";"41043336-0602-1";"2026-06-07 13:01:35";"2026-06-12 09:00:00";"2026-06-12 09:00:00";"已签收";"2026-06-21 15:53:09";"2026-06-08 09:38:19";;"283.00";"USD";"Новый Garmin Edge 540 велокомпьютер с GPS(Standard Edition) 010-02694-04";"черный";;"2918882869";"WGMED540ECBL";"283.00";"USD";"16493.00";"RUB";"1";;;;"283.00";"0%";"0.00";;;
"41043336-0603";"41043336-0603-1";"2026-06-07 13:01:56";"2026-06-12 09:00:00";"2026-06-12 09:00:00";"已签收";"2026-06-22 11:28:01";"2026-06-08 09:38:06";;"283.00";"USD";"Новый Garmin Edge 540 велокомпьютер с GPS(Standard Edition) 010-02694-04";"черный";;"2918882869";"WGMED540ECBL";"283.00";"USD";"16493.00";"RUB";"1";;;;"283.00";"0%";"0.00";;;
"47985953-0285";"47985953-0285-1";"2026-06-07 13:02:24";"2026-06-12 09:00:00";"2026-06-12 09:00:00";"已签收";"2026-06-22 11:28:34";"2026-06-08 09:32:40";;"283.00";"USD";"Новый Garmin Edge 540 велокомпьютер с GPS(Standard Edition) 010-02694-04";"черный";;"2918882869";"WGMED540ECBL";"283.00";"USD";"16493.00";"RUB";"1";;;;"283.00";"0%";"0.00";;;
"47985953-0286";"47985953-0286-1";"2026-06-07 13:02:44";"2026-06-12 09:00:00";"2026-06-12 09:00:00";"已签收";"2026-06-21 17:21:07";"2026-06-08 09:38:16";;"283.00";"USD";"Новый Garmin Edge 540 велокомпьютер с GPS(Standard Edition) 010-02694-04";"черный";;"2918882869";"WGMED540ECBL";"283.00";"USD";"16493.00";"RUB";"1";;;;"283.00";"0%";"0.00";;;
"51197012-0480";"51197012-0480-1";"2026-06-07 13:05:07";"2026-06-12 09:00:00";"2026-06-12 09:00:00";"已签收";"2026-06-21 16:50:43";"2026-06-08 09:32:57";;"283.00";"USD";"Новый Garmin Edge 540 велокомпьютер с GPS(Standard Edition) 010-02694-04";"черный";;"2918882869";"WGMED540ECBL";"283.00";"USD";"16493.00";"RUB";"1";;;;"283.00";"0%";"0.00";;;
"51197012-0481";"51197012-0481-1";"2026-06-07 13:05:45";"2026-06-12 09:00:00";"2026-06-12 09:00:00";"已签收";"2026-06-21 16:06:53";"2026-06-08 09:32:43";;"283.00";"USD";"Новый Garmin Edge 540 велокомпьютер с GPS(Standard Edition) 010-02694-04";"черный";;"2918882869";"WGMED540ECBL";"283.00";"USD";"16493.00";"RUB";"1";;;;"283.00";"0%";"0.00";;;
"49207318-0055";"49207318-0055-1";"2026-06-07 14:09:15";"2026-06-12 09:00:00";"2026-06-12 09:00:00";"已签收";"2026-06-19 12:30:04";"2026-06-08 09:32:50";;"175.00";"USD";"Новый HUAWEI Watch FIT 4 Pro Green";"зеленый";;"3075997003";"WWFIT4PGGN";"175.00";"USD";"11240.00";"RUB";"1";;;;"175.00";"0%";"0.00";;;
"56715045-0132";"56715045-0132-1";"2026-06-07 19:13:04";"2026-06-12 09:00:00";"2026-06-12 09:00:00";"已签收";"2026-06-20 10:14:45";"2026-06-08 09:33:09";;"175.00";"USD";"Новый HUAWEI Watch FIT 4 Pro Black";"черный";;"3071371352";"WWFIT4PGBL";"175.00";"USD";"11240.00";"RUB";"1";;;;"175.00";"0%";"0.00";;;
"70063378-0297";"70063378-0297-1";"2026-06-07 19:49:56";"2026-06-12 09:00:00";"2026-06-12 09:00:00";"已签收";"2026-06-19 15:09:54";"2026-06-08 09:32:58";;"175.00";"USD";"Новый HUAWEI Watch FIT 4 Pro Black";"черный";;"3071371352";"WWFIT4PGBL";"175.00";"USD";"11240.00";"RUB";"1";;;;"175.00";"0%";"0.00";;;
"70063378-0297";"70063378-0297-2";"2026-06-07 19:49:56";"2026-06-12 09:00:00";"2026-06-12 09:00:00";"已签收";"2026-06-19 15:09:54";"2026-06-08 09:38:03";;"175.00";"USD";"Новый HUAWEI Watch FIT 4 Pro Black";"черный";;"3071371352";"WWFIT4PGBL";"175.00";"USD";"11240.00";"RUB";"1";;;;"175.00";"0%";"0.00";;;
"72155552-0417";"72155552-0417-1";"2026-06-07 19:52:01";"2026-06-12 09:00:00";"2026-06-12 09:00:00";"已签收";"2026-06-18 13:02:34";"2026-06-08 09:38:02";;"175.00";"USD";"Новый HUAWEI Watch FIT 4 Pro Green";"зеленый";;"3075997003";"WWFIT4PGGN";"175.00";"USD";"11240.00";"RUB";"1";;;;"175.00";"0%";"0.00";;;
"49675168-0799";"49675168-0799-1";"2026-06-08 05:47:00";"2026-06-12 09:00:00";"2026-06-12 09:00:00";"已签收";"2026-06-18 09:39:16";"2026-06-09 07:33:28";;"175.00";"USD";"Новый HUAWEI Watch FIT 4 Pro Green";"зеленый";;"3075997003";"WWFIT4PGGN";"175.00";"USD";"11737.00";"RUB";"1";;;;"175.00";"0%";"0.00";;;"包含在配送费用中"
"56724818-0152";"56724818-0152-1";"2026-06-08 08:22:33";"2026-06-12 09:00:00";"2026-06-12 09:00:00";"已签收";"2026-06-18 15:39:14";"2026-06-09 07:33:13";;"180.00";"USD";"Новый HUAWEI Watch FIT 4 Pro Black";"черный";;"3071371352";"WWFIT4PGBL";"180.00";"USD";"11561.00";"RUB";"1";;;;"180.00";"0%";"0.00";;;
"03081549-0131";"03081549-0131-1";"2026-06-08 08:27:32";"2026-06-12 09:00:00";"2026-06-12 09:00:00";"已签收";"2026-06-23 11:34:14";"2026-06-09 07:33:42";;"180.00";"USD";"Новый HUAWEI Watch FIT 4 Pro Green";"зеленый";;"3075997003";"WWFIT4PGGN";"180.00";"USD";"11561.00";"RUB";"1";;;;"180.00";"0%";"0.00";;;
"07230058-0066";"07230058-0066-2";"2026-06-08 10:20:06";"2026-06-13 09:00:00";"2026-06-13 09:00:00";"已签收";"2026-06-22 15:54:49";"2026-06-09 07:33:19";;"180.00";"USD";"Новый HUAWEI FreeClip 2 Blue";"голубой";;"3668264174";"EWFC2GBU";"180.00";"USD";"10498.00";"RUB";"1";;;;"180.00";"0%";"0.00";;;
"0144467165-0129";"0144467165-0129-1";"2026-06-08 10:37:04";"2026-06-13 09:00:00";"2026-06-13 09:00:00";"已签收";"2026-06-19 15:02:15";"2026-06-09 07:33:22";;"180.00";"USD";"Новый HUAWEI Watch FIT 4 Pro Green";"зеленый";;"3075997003";"WWFIT4PGGN";"180.00";"USD";"11561.00";"RUB";"1";;;;"180.00";"0%";"0.00";;;
"35802035-0232";"35802035-0232-1";"2026-06-08 12:10:16";"2026-06-13 09:00:00";"2026-06-13 09:00:00";"已取消";;;"2026-06-08 12:57:02";"180.00";"USD";"Новый HUAWEI Watch FIT 4 Pro Green";"зеленый";;"3075997003";"WWFIT4PGGN";"180.00";"USD";"11508.00";"RUB";"1";;;;"180.00";"0%";"0.00";;;
"04970508-0322";"04970508-0322-1";"2026-06-08 13:17:24";"2026-06-13 09:00:00";"2026-06-13 09:00:00";"已签收";"2026-06-18 13:00:16";"2026-06-09 07:33:24";;"180.00";"USD";"Новый HUAWEI FreeClip 2 Blue";"голубой";;"3668264174";"EWFC2GBU";"180.00";"USD";"10445.00";"RUB";"1";;;;"180.00";"0%";"0.00";;;"包含在配送费用中"
"0107414938-0173";"0107414938-0173-1";"2026-06-08 13:29:31";"2026-06-13 09:00:00";"2026-06-13 09:00:00";"已签收";"2026-06-20 16:06:24";"2026-06-09 06:10:22";;"300.00";"USD";"Новый OPPO Watch X3 Gery";"серебристый";;"4243562678";"WOPWTHX3GGR";"300.00";"USD";"19180.00";"RUB";"1";;;;"300.00";"0%";"0.00";;;
"71580548-0795";"71580548-0795-1";"2026-06-08 18:52:49";"2026-06-13 09:00:00";"2026-06-13 09:00:00";"已取消";;;"2026-06-08 19:07:28";"180.00";"USD";"Новый HUAWEI Watch FIT 4 Pro Green";"зеленый";;"3075997003";"WWFIT4PGGN";"180.00";"USD";"11508.00";"RUB";"1";;;;"180.00";"0%";"0.00";;;
"37094358-0714";"37094358-0714-1";"2026-06-08 22:06:23";"2026-06-13 09:00:00";"2026-06-13 09:00:00";"已签收";"2026-06-18 15:18:07";"2026-06-09 07:33:23";;"180.00";"USD";"Новый HUAWEI FreeClip 2 White";"белый";;"3668262305";"EWFC2GWH";"180.00";"USD";"10416.00";"RUB";"1";;;;"180.00";"0%";"0.00";;;
"0184948662-0038";"0184948662-0038-1";"2026-06-09 07:05:25";"2026-06-13 09:00:00";"2026-06-13 09:00:00";"已签收";"2026-06-22 07:22:41";"2026-06-10 07:55:29";;"185.00";"USD";"Новый HUAWEI Watch FIT 4 Pro Green";"зеленый";;"3075997003";"WWFIT4PGGN";"185.00";"USD";"11795.00";"RUB";"1";;;;"185.00";"0%";"0.00";;;"包含在配送费用中"
"59264876-0374";"59264876-0374-1";"2026-06-10 04:15:28";"2026-06-15 23:00:00";"2026-06-15 23:00:00";"已签收";"2026-06-29 15:34:56";"2026-06-14 10:56:40";;"139.00";"USD";"Новый HMD Crest 6/128GB Blue";"темно-синий";;"2257404873";"MHMDCR5GG6128BU";"139.00";"USD";"10021.00";"RUB";"1";;;;"139.00";"0%";"0.00";;;
"32982110-0248";"32982110-0248-1";"2026-06-10 09:32:19";"2026-06-15 09:00:00";"2026-06-15 09:00:00";"已签收";"2026-06-25 10:32:09";"2026-06-11 06:43:10";;"355.00";"USD";"Новый realme Pad 3 5G 8/256GB Gery";"черно-серый";;"4272301876";"DRPD35GGE8256GR";"355.00";"USD";"22457.00";"RUB";"1";;;;"355.00";"0%";"0.00";;;
"26948958-0174";"26948958-0174-1";"2026-06-10 16:49:20";"2026-06-15 09:00:00";"2026-06-15 09:00:00";"已签收";"2026-06-24 14:53:47";"2026-06-15 07:45:16";;"180.00";"USD";"Новый HUAWEI FreeClip 2 Black";"черный";;"3668254141";"EWFC2GBL";"180.00";"USD";"10284.00";"RUB";"1";;;;"180.00";"0%";"0.00";;;
"16627020-0081";"16627020-0081-1";"2026-06-10 18:24:02";"2026-06-15 23:00:00";"2026-06-15 23:00:00";"已取消";;"2026-06-11 08:45:00";"2026-07-17 10:35:45";"64.00";"USD";"Новый realme Buds Air7 Pro Grey";"черный";;"2029781938";"ERAIR7PGGR1";"64.00";"USD";"4614.00";"RUB";"1";;;;"64.00";"0%";"0.00";;;
"93750159-0250";"93750159-0250-1";"2026-06-11 06:57:51";"2026-06-15 09:00:00";"2026-06-15 09:00:00";"已签收";"2026-07-01 10:03:59";"2026-06-12 08:32:09";;"180.00";"USD";"Новый HUAWEI FreeClip 2 Blue";"голубой";;"3668264174";"EWFC2GBU";"180.00";"USD";"10292.00";"RUB";"1";;;;"180.00";"0%";"0.00";;;
"29250652-0274";"29250652-0274-1";"2026-06-11 08:28:35";"2026-06-15 09:00:00";"2026-06-15 09:00:00";"已签收";"2026-06-21 14:11:14";"2026-06-12 08:32:04";;"180.00";"USD";"Новый HUAWEI FreeClip 2 Blue";"голубой";;"3668264174";"EWFC2GBU";"180.00";"USD";"10237.00";"RUB";"1";;;;"180.00";"0%";"0.00";;;
"73701307-0253";"73701307-0253-1";"2026-06-11 12:24:54";"2026-06-16 09:00:00";"2026-06-16 09:00:00";"已签收";"2026-07-05 07:19:16";"2026-06-12 08:32:07";;"180.00";"USD";"Новый HUAWEI FreeClip 2 White";"белый";;"3668262305";"EWFC2GWH";"180.00";"USD";"10237.00";"RUB";"1";;;;"180.00";"0%";"0.00";;;
"39631793-0334";"39631793-0334-1";"2026-06-11 12:25:49";"2026-06-16 09:00:00";"2026-06-16 09:00:00";"已取消";;"2026-06-12 08:32:25";"2026-06-21 14:51:40";"180.00";"USD";"Новый HUAWEI FreeClip 2 White";"белый";;"3668262305";"EWFC2GWH";"180.00";"USD";"11047.00";"RUB";"1";;;;"180.00";"0%";"0.00";;;
"04678132-0091";"04678132-0091-2";"2026-06-11 13:49:32";"2026-06-16 09:00:00";"2026-06-16 09:00:00";"已签收";"2026-06-20 09:50:45";"2026-06-12 02:12:57";;"300.00";"USD";"Новый OPPO Watch X3 Gery";"серебристый";;"4243562678";"WOPWTHX3GGR";"300.00";"USD";"18794.00";"RUB";"1";;;;"300.00";"0%";"0.00";;;
"33546169-0034";"33546169-0034-1";"2026-06-11 14:26:16";"2026-06-16 09:00:00";"2026-06-16 09:00:00";"已签收";"2026-06-23 07:21:38";"2026-06-12 08:32:05";;"180.00";"USD";"Новый HUAWEI FreeClip 2 Blue";"голубой";;"3668264174";"EWFC2GBU";"180.00";"USD";"10237.00";"RUB";"1";;;;"180.00";"0%";"0.00";;;
"95232703-0019";"95232703-0019-1";"2026-06-11 14:34:42";"2026-06-16 09:00:00";"2026-06-16 09:00:00";"已签收";"2026-06-20 07:52:52";"2026-06-12 08:32:35";;"185.00";"USD";"Новый HUAWEI Watch FIT 4 Pro Black";"черный";;"3071371352";"WWFIT4PGBL";"185.00";"USD";"11590.00";"RUB";"1";;;;"185.00";"0%";"0.00";;;
"55299227-0558";"55299227-0558-1";"2026-06-11 17:00:47";"2026-06-16 09:00:00";"2026-06-16 09:00:00";"已签收";"2026-06-23 07:16:37";"2026-06-12 08:32:34";;"185.00";"USD";"Новый HUAWEI Watch FIT 4 Pro Black";"черный";;"3071371352";"WWFIT4PGBL";"185.00";"USD";"11590.00";"RUB";"1";;;;"185.00";"0%";"0.00";;;
"56506453-0359";"56506453-0359-1";"2026-06-11 17:13:07";"2026-06-16 09:00:00";"2026-06-16 09:00:00";"已签收";"2026-06-21 17:42:38";"2026-06-12 08:32:19";;"180.00";"USD";"Новый HUAWEI FreeClip 2 White";"белый";;"3668262305";"EWFC2GWH";"180.00";"USD";"10237.00";"RUB";"1";;;;"180.00";"0%";"0.00";;;
"0129980399-0286";"0129980399-0286-2";"2026-06-11 18:22:57";"2026-06-16 09:00:00";"2026-06-16 09:00:00";"已签收";"2026-06-23 06:07:27";"2026-06-12 08:32:39";;"20.70";"USD";"Новый HONOR CHOICE Earbuds X8 Black";"черный";;"4606445118";"EHEX8EBL";"20.70";"USD";"1486.00";"RUB";"1";;;;"20.70";"0%";"0.00";;;
"51891951-0196";"51891951-0196-1";"2026-06-11 18:44:06";"2026-06-16 09:00:00";"2026-06-16 09:00:00";"已签收";"2026-06-26 17:46:34";"2026-06-15 06:12:16";;"165.00";"USD";"Новый HUAWEI Watch FIT 5 White";"белый";;"4448233307";"WWFIT5GWH";"165.00";"USD";"10337.00";"RUB";"1";;;;"165.00";"0%";"0.00";;;
"04686553-0657";"04686553-0657-1";"2026-06-12 06:35:23";"2026-06-16 09:00:00";"2026-06-16 09:00:00";"已取消";;"2026-06-13 02:36:42";"2026-07-03 21:06:16";"355.00";"USD";"Новый realme Pad 3 5G 8/256GB Gery";"черно-серый";;"4272301876";"DRPD35GGE8256GR";"355.00";"USD";"22404.00";"RUB";"1";;;;"355.00";"0%";"0.00";;;
"0105864197-0156";"0105864197-0156-1";"2026-06-12 08:12:56";"2026-06-19 23:00:00";"2026-06-19 23:00:00";"已签收";"2026-06-26 12:39:26";"2026-06-14 10:52:46";;"215.00";"USD";"Новый Redmi Pad 2 4G 8/256GB Grey";"черно-серый";;"2328708961";"DDPD24GGE8256GR";"215.00";"USD";"13569.00";"RUB";"1";;;;"215.00";"0%";"0.00";;;
"0118340117-1160";"0118340117-1160-1";"2026-06-12 10:56:40";"2026-06-19 23:00:00";"2026-06-19 23:00:00";"已取消";;;"2026-06-12 11:07:16";"215.00";"USD";"Новый Redmi Pad 2 4G 8/256GB Green";"светло-зеленый";;"2359221432";"DDPD24GGE8256GN";"215.00";"USD";"13751.00";"RUB";"1";;;;"215.00";"0%";"0.00";;;
"0118340117-1162";"0118340117-1162-1";"2026-06-12 11:09:53";"2026-06-19 23:00:00";"2026-06-19 23:00:00";"已签收";"2026-06-28 06:56:29";"2026-06-14 10:49:15";;"215.00";"USD";"Новый Redmi Pad 2 4G 8/256GB Grey";"черно-серый";;"2328708961";"DDPD24GGE8256GR";"215.00";"USD";"13751.00";"RUB";"1";;;;"215.00";"0%";"0.00";;;
"30544736-0035";"30544736-0035-2";"2026-06-12 14:19:18";"2026-06-17 09:00:00";"2026-06-17 09:00:00";"已签收";"2026-06-25 11:36:49";"2026-06-13 03:46:37";;"185.00";"USD";"Новый HUAWEI Watch FIT 4 Pro Black";"черный";;"3071371352";"WWFIT4PGBL";"185.00";"USD";"11765.00";"RUB";"1";;;;"185.00";"0%";"0.00";;;
"08667807-0886";"08667807-0886-1";"2026-06-12 14:36:49";"2026-06-17 09:00:00";"2026-06-17 09:00:00";"已签收";"2026-06-26 17:32:33";"2026-06-13 03:46:31";;"261.80";"USD";"Новый Garmin Edge 540 велокомпьютер с GPS(Standard Edition) 010-02694-04";"черный";;"2918882869";"WGMED540ECBL";"261.80";"USD";"15306.00";"RUB";"1";;;;"261.80";"0%";"0.00";;;
"49829819-0128";"49829819-0128-1";"2026-06-12 14:52:42";"2026-06-19 23:00:00";"2026-06-19 23:00:00";"已签收";"2026-06-29 13:57:47";"2026-06-14 10:56:34";;"215.00";"USD";"Новый Redmi Pad 2 4G 8/256GB Green";"светло-зеленый";;"2359221432";"DDPD24GGE8256GN";"215.00";"USD";"13751.00";"RUB";"1";;;;"215.00";"0%";"0.00";;;
"28839036-0366";"28839036-0366-1";"2026-06-12 14:56:45";"2026-06-17 09:00:00";"2026-06-17 09:00:00";"已签收";"2026-06-26 15:25:23";"2026-06-13 03:46:43";;"261.80";"USD";"Новый Garmin Edge 540 велокомпьютер с GPS(Standard Edition) 010-02694-04";"черный";;"2918882869";"WGMED540ECBL";"261.80";"USD";"15306.00";"RUB";"1";;;;"261.80";"0%";"0.00";;;
"08667807-0887";"08667807-0887-1";"2026-06-12 17:41:09";"2026-06-17 09:00:00";"2026-06-17 09:00:00";"已签收";"2026-06-26 17:32:34";"2026-06-13 03:46:37";;"261.80";"USD";"Новый Garmin Edge 540 велокомпьютер с GPS(Standard Edition) 010-02694-04";"черный";;"2918882869";"WGMED540ECBL";"261.80";"USD";"15306.00";"RUB";"1";;;;"261.80";"0%";"0.00";;;
"29308577-0243";"29308577-0243-1";"2026-06-12 20:44:24";"2026-06-17 09:00:00";"2026-06-17 09:00:00";"已签收";"2026-06-29 15:49:25";"2026-06-13 03:46:34";;"261.80";"USD";"Новый Garmin Edge 540 велокомпьютер с GPS(Standard Edition) 010-02694-04";"черный";;"2918882869";"WGMED540ECBL";"261.80";"USD";"15306.00";"RUB";"1";;;;"261.80";"0%";"0.00";;;
"73446895-0267";"73446895-0267-1";"2026-06-13 03:07:06";"2026-06-17 09:00:00";"2026-06-17 09:00:00";"已签收";"2026-06-30 04:23:20";"2026-06-15 07:45:30";;"20.70";"USD";"Новый HONOR CHOICE Earbuds X8 Black";"черный";;"4606445118";"EHEX8EBL";"20.70";"USD";"1490.00";"RUB";"1";;;;"20.70";"0%";"0.00";;;
"0222032478-0026";"0222032478-0026-1";"2026-06-13 05:01:09";"2026-06-17 09:00:00";"2026-06-17 09:00:00";"已取消";;;"2026-06-13 05:02:26";"20.70";"USD";"Новый HONOR CHOICE Earbuds X8 Black";"черный";;"4606445118";"EHEX8EBL";"20.70";"USD";"1496.00";"RUB";"1";;;;"20.70";"0%";"0.00";;;
"65948262-0091";"65948262-0091-1";"2026-06-13 05:37:35";"2026-06-17 09:00:00";"2026-06-17 09:00:00";"已签收";"2026-06-26 10:03:33";"2026-06-15 07:45:42";;"255.00";"USD";"Новый HUAWEI Watch FIT 5 Pro White";"белый";;"4448907078";"WWFIT5PGWH";"255.00";"USD";"16217.00";"RUB";"1";;;;"255.00";"0%";"0.00";;;
"55416081-0170";"55416081-0170-1";"2026-06-13 07:18:00";"2026-06-20 23:00:00";"2026-06-20 23:00:00";"已签收";"2026-06-25 16:09:29";"2026-06-14 08:16:13";;"64.00";"USD";"Новый realme Buds Air7 Pro Grey";"черный";;"2029781938";"ERAIR7PGGR1";"64.00";"USD";"4492.00";"RUB";"1";;;;"64.00";"0%";"0.00";;;
"46758979-0081";"46758979-0081-1";"2026-06-13 08:26:02";"2026-06-17 09:00:00";"2026-06-17 09:00:00";"已签收";"2026-06-25 16:26:24";"2026-06-15 07:45:18";;"185.00";"USD";"Новый HUAWEI Watch FIT 4 Pro Green";"зеленый";;"3075997003";"WWFIT4PGGN";"185.00";"USD";"11765.00";"RUB";"1";;;;"185.00";"0%";"0.00";;;
"0136017383-0402";"0136017383-0402-1";"2026-06-13 08:37:27";"2026-06-17 09:00:00";"2026-06-17 09:00:00";"已签收";"2026-06-26 13:52:21";"2026-06-15 07:45:30";;"185.00";"USD";"Новый HUAWEI Watch FIT 4 Pro Black";"черный";;"3071371352";"WWFIT4PGBL";"185.00";"USD";"11765.00";"RUB";"1";;;;"185.00";"0%";"0.00";;;
"84704954-0078";"84704954-0078-1";"2026-06-13 09:45:49";"2026-06-18 09:00:00";"2026-06-18 09:00:00";"已签收";"2026-06-28 08:42:05";"2026-06-15 07:45:27";;"20.70";"USD";"Новый HONOR CHOICE Earbuds X8 Black";"черный";;"4606445118";"EHEX8EBL";"20.70";"USD";"1490.00";"RUB";"1";;;;"20.70";"0%";"0.00";;;
"0199372277-0045";"0199372277-0045-2";"2026-06-13 10:19:49";"2026-06-18 09:00:00";"2026-06-18 09:00:00";"已签收";"2026-06-27 11:05:56";"2026-06-15 07:44:54";;"165.00";"USD";"Новый HUAWEI Watch FIT 5 Black";"черный";;"4448221487";"WWFIT5GBL";"165.00";"USD";"10493.00";"RUB";"1";;;;"165.00";"0%";"0.00";;;
"0132866948-0026";"0132866948-0026-1";"2026-06-13 13:46:57";"2026-06-18 09:00:00";"2026-06-18 09:00:00";"已签收";"2026-06-26 14:17:01";"2026-06-15 07:45:13";;"395.00";"USD";"Новый CN OnePlus Ace 6T 12/256GB Black";"черный";;"4214535321";"MOA6T5GCU12256BL";"395.00";"USD";"25263.00";"RUB";"1";;;;"395.00";"0%";"0.00";;;
"05147992-0356";"05147992-0356-1";"2026-06-13 17:12:11";"2026-06-18 09:00:00";"2026-06-18 09:00:00";"已签收";"2026-06-25 10:15:34";"2026-06-15 07:45:36";;"261.80";"USD";"Новый Garmin Edge 540 велокомпьютер с GPS(Standard Edition) 010-02694-04";"черный";;"2918882869";"WGMED540ECBL";"261.80";"USD";"15306.00";"RUB";"1";;;;"261.80";"0%";"0.00";;;
"0147180358-0119";"0147180358-0119-5";"2026-06-13 20:21:23";"2026-06-18 09:00:00";"2026-06-18 09:00:00";"已签收";"2026-06-24 17:57:29";"2026-06-15 07:45:40";;"261.80";"USD";"Новый Garmin Edge 540 велокомпьютер с GPS(Standard Edition) 010-02694-04";"черный";;"2918882869";"WGMED540ECBL";"261.80";"USD";"15306.00";"RUB";"1";;;;"261.80";"0%";"0.00";;;
"46181552-0460";"46181552-0460-1";"2026-06-13 22:33:23";"2026-06-18 09:00:00";"2026-06-18 09:00:00";"已取消";;;"2026-06-14 10:18:23";"255.00";"USD";"Новый HUAWEI Watch FIT 5 Pro Black";"черный";;"4448902531";"WWFIT5PGBL";"255.00";"USD";"16217.00";"RUB";"1";;;;"255.00";"0%";"0.00";;;
"11360043-0562";"11360043-0562-1";"2026-06-14 06:07:06";"2026-06-18 09:00:00";"2026-06-18 09:00:00";"已签收";"2026-06-24 14:13:46";"2026-06-15 06:12:15";;"255.00";"USD";"Новый HUAWEI Watch FIT 5 Pro Black";"черный";;"4448902531";"WWFIT5PGBL";"255.00";"USD";"16217.00";"RUB";"1";;;;"255.00";"0%";"0.00";;;
"0133187204-0023";"0133187204-0023-1";"2026-06-14 06:51:21";"2026-06-18 09:00:00";"2026-06-18 09:00:00";"已签收";"2026-06-27 10:15:00";"2026-06-15 07:45:20";;"165.00";"USD";"Новый HUAWEI Watch FIT 5 Black";"черный";;"4448221487";"WWFIT5GBL";"165.00";"USD";"10493.00";"RUB";"1";;;;"165.00";"0%";"0.00";;;
"56506453-0361";"56506453-0361-1";"2026-06-14 08:21:02";"2026-06-18 09:00:00";"2026-06-18 09:00:00";"已签收";"2026-06-28 13:11:49";"2026-06-15 07:45:11";;"180.00";"USD";"Новый HUAWEI FreeClip 2 White";"белый";;"3668262305";"EWFC2GWH";"180.00";"USD";"10406.00";"RUB";"1";;;;"180.00";"0%";"0.00";;;
"0137580079-0062";"0137580079-0062-1";"2026-06-14 08:34:24";"2026-06-18 09:00:00";"2026-06-18 09:00:00";"已签收";"2026-06-27 10:20:11";"2026-06-15 07:45:04";;"165.00";"USD";"Новый HUAWEI Watch FIT 5 Black";"черный";;"4448221487";"WWFIT5GBL";"165.00";"USD";"10493.00";"RUB";"1";;;;"165.00";"0%";"0.00";;;
"13117334-0359";"13117334-0359-1";"2026-06-14 11:03:08";"2026-06-20 09:00:00";"2026-06-20 09:00:00";"已签收";"2026-06-25 13:37:32";"2026-06-15 07:45:31";;"255.00";"USD";"Новый HUAWEI Watch FIT 5 Pro White";"белый";;"4448907078";"WWFIT5PGWH";"255.00";"USD";"16217.00";"RUB";"1";;;;"255.00";"0%";"0.00";;;
"36283549-0138";"36283549-0138-1";"2026-06-14 12:54:29";"2026-06-20 09:00:00";"2026-06-20 09:00:00";"已取消";;"2026-06-15 06:12:18";"2026-06-26 11:13:39";"255.00";"USD";"Новый HUAWEI Watch FIT 5 Pro Black";"черный";;"4448902531";"WWFIT5PGBL";"255.00";"USD";"16217.00";"RUB";"1";;;;"255.00";"0%";"0.00";;;
"92411335-0115";"92411335-0115-1";"2026-06-14 12:58:56";"2026-06-20 09:00:00";"2026-06-20 09:00:00";"已签收";"2026-06-26 16:15:02";"2026-06-15 06:12:28";;"255.00";"USD";"Новый HUAWEI Watch FIT 5 Pro Black";"черный";;"4448902531";"WWFIT5PGBL";"255.00";"USD";"16217.00";"RUB";"1";;;;"255.00";"0%";"0.00";;;
"0192233500-0007";"0192233500-0007-1";"2026-06-14 16:23:07";"2026-06-20 09:00:00";"2026-06-20 09:00:00";"已签收";"2026-06-26 15:59:42";"2026-06-15 07:45:18";;"395.00";"USD";"Новый CN OnePlus Ace 6T 12/256GB Black";"черный";;"4214535321";"MOA6T5GCU12256BL";"395.00";"USD";"25238.60";"RUB";"1";;;;"395.00";"0%";"0.00";;;
"05415882-0264";"05415882-0264-1";"2026-06-14 18:41:07";"2026-06-20 09:00:00";"2026-06-20 09:00:00";"已签收";"2026-06-26 13:00:39";"2026-06-15 06:12:26";;"165.00";"USD";"Новый HUAWEI Watch FIT 5 White";"белый";;"4448233307";"WWFIT5GWH";"165.00";"USD";"10493.00";"RUB";"1";;;;"165.00";"0%";"0.00";;;
"0135619900-0266";"0135619900-0266-1";"2026-06-14 19:32:45";"2026-06-20 09:00:00";"2026-06-20 09:00:00";"已取消";;;"2026-06-14 19:46:05";"175.00";"USD";"Новый HUAWEI FreeBuds Pro 5 Gery";"черно-серый";;"4446802444";"EWFBP5GGR";"175.00";"USD";"10813.00";"RUB";"1";;;;"175.00";"0%";"0.00";;;
"46181552-0461";"46181552-0461-1";"2026-06-14 19:39:20";"2026-06-20 09:00:00";"2026-06-20 09:00:00";"已签收";"2026-06-24 18:05:56";"2026-06-15 06:12:24";;"255.00";"USD";"Новый HUAWEI Watch FIT 5 Pro Black";"черный";;"4448902531";"WWFIT5PGBL";"255.00";"USD";"16217.00";"RUB";"1";;;;"255.00";"0%";"0.00";;;
"15252928-0297";"15252928-0297-1";"2026-06-15 03:53:00";"2026-06-20 09:00:00";"2026-06-20 09:00:00";"已签收";"2026-06-28 13:16:07";"2026-06-16 05:59:30";;"255.00";"USD";"Новый HUAWEI Watch FIT 5 Pro Black";"черный";;"4448902531";"WWFIT5PGBL";"255.00";"USD";"16217.00";"RUB";"1";;;;"255.00";"0%";"0.00";;;
"0142332875-0112";"0142332875-0112-1";"2026-06-15 06:54:39";"2026-06-22 23:00:00";"2026-06-22 23:00:00";"已签收";"2026-07-02 12:08:51";"2026-06-16 08:03:25";;"190.00";"USD";"Новый HUAWEI WATCH GT 6 46mm Black Fluoroelastomer Strap";"черный";;"3075996858";"WWGT6G46BL";"190.00";"USD";"12220.00";"RUB";"1";;;;"190.00";"0%";"0.00";;;
"60092791-0504";"60092791-0504-1";"2026-06-15 07:15:48";"2026-06-20 09:00:00";"2026-06-20 09:00:00";"已取消";;;"2026-06-15 07:53:42";"255.00";"USD";"Новый HUAWEI Watch FIT 5 Pro Black";"черный";;"4448902531";"WWFIT5PGBL";"255.00";"USD";"16217.00";"RUB";"1";;;;"255.00";"0%";"0.00";;;
"41584575-0261";"41584575-0261-1";"2026-06-15 08:37:46";"2026-06-20 09:00:00";"2026-06-20 09:00:00";"已签收";"2026-06-25 17:35:58";"2026-06-16 05:59:36";;"255.00";"USD";"Новый HUAWEI Watch FIT 5 Pro White";"белый";;"4448907078";"WWFIT5PGWH";"255.00";"USD";"16217.00";"RUB";"1";;;;"255.00";"0%";"0.00";;;
"81755169-0261";"81755169-0261-1";"2026-06-15 08:52:15";"2026-06-22 23:00:00";"2026-06-22 23:00:00";"已签收";"2026-07-02 04:08:08";"2026-06-17 08:14:52";;"190.00";"USD";"Новый HUAWEI WATCH GT 6 46mm Black Fluoroelastomer Strap";"черный";;"3075996858";"WWGT6G46BL";"190.00";"USD";"12220.00";"RUB";"1";;;;"190.00";"0%";"0.00";;;
"0207662944-0034";"0207662944-0034-1";"2026-06-15 09:34:50";"2026-06-21 09:00:00";"2026-06-21 09:00:00";"已签收";"2026-06-29 15:54:56";"2026-06-16 05:59:29";;"261.80";"USD";"Новый Garmin Edge 540 велокомпьютер с GPS(Standard Edition) 010-02694-04";"черный";;"2918882869";"WGMED540ECBL";"261.80";"USD";"15194.13";"RUB";"1";;;;"261.80";"0%";"0.00";;;
"0207662944-0034";"0207662944-0034-2";"2026-06-15 09:34:50";"2026-06-21 09:00:00";"2026-06-21 09:00:00";"已签收";"2026-06-29 15:54:57";"2026-06-16 06:00:14";;"261.80";"USD";"Новый Garmin Edge 540 велокомпьютер с GPS(Standard Edition) 010-02694-04";"черный";;"2918882869";"WGMED540ECBL";"261.80";"USD";"15194.13";"RUB";"1";;;;"261.80";"0%";"0.00";;;
"82961320-0065";"82961320-0065-1";"2026-06-15 12:46:19";"2026-06-21 09:00:00";"2026-06-21 09:00:00";"已签收";"2026-06-26 13:40:18";"2026-06-16 05:59:30";;"255.00";"USD";"Новый HUAWEI Watch FIT 5 Pro Black";"черный";;"4448902531";"WWFIT5PGBL";"255.00";"USD";"16217.00";"RUB";"1";;;;"255.00";"0%";"0.00";;;
"0170660516-0040";"0170660516-0040-1";"2026-06-15 14:53:48";"2026-06-21 09:00:00";"2026-06-21 09:00:00";"已签收";"2026-06-26 12:31:17";"2026-06-16 08:15:09";;"355.00";"USD";"Новый realme Pad 3 5G 8/256GB Gery";"черно-серый";;"4272301876";"DRPD35GGE8256GR";"355.00";"USD";"23650.00";"RUB";"1";;;;"355.00";"0%";"0.00";;;
"36609100-0621";"36609100-0621-1";"2026-06-15 16:11:22";"2026-06-21 09:00:00";"2026-06-21 09:00:00";"已签收";"2026-06-25 15:02:48";"2026-06-16 05:59:48";;"22.80";"USD";"Новый HONOR CHOICE Earbuds X7i White";"белый";;"4607355094";"EHEX7IEWH";"11.40";"USD";"824.00";"RUB";"2";;;;"11.40";"0%";"0.00";;;
"0106663396-0075";"0106663396-0075-1";"2026-06-15 16:26:27";"2026-06-21 09:00:00";"2026-06-21 09:00:00";"已签收";"2026-06-28 07:12:52";"2026-06-16 06:00:01";;"255.00";"USD";"Новый HUAWEI Watch FIT 5 Pro Black";"черный";;"4448902531";"WWFIT5PGBL";"255.00";"USD";"16104.00";"RUB";"1";;;;"255.00";"0%";"0.00";;;
"94809118-1320";"94809118-1320-1";"2026-06-15 18:16:30";"2026-06-21 09:00:00";"2026-06-21 09:00:00";"已签收";"2026-06-26 15:43:57";"2026-06-16 05:59:39";;"255.00";"USD";"Новый HUAWEI Watch FIT 5 Pro White";"белый";;"4448907078";"WWFIT5PGWH";"255.00";"USD";"16104.00";"RUB";"1";;;;"255.00";"0%";"0.00";;;
"74484313-0242";"74484313-0242-1";"2026-06-15 18:57:24";"2026-06-21 09:00:00";"2026-06-21 09:00:00";"已签收";"2026-06-29 06:51:37";"2026-06-16 05:59:35";;"266.00";"USD";"Новый Garmin Edge 540 велокомпьютер с GPS(Standard Edition) 010-02694-04";"черный";;"2918882869";"WGMED540ECBL";"266.00";"USD";"15342.00";"RUB";"1";;;;"266.00";"0%";"0.00";;;
"46567572-0212";"46567572-0212-1";"2026-06-15 20:41:00";"2026-06-21 09:00:00";"2026-06-21 09:00:00";"已签收";"2026-06-25 17:48:02";"2026-06-16 05:59:40";;"255.00";"USD";"Новый HUAWEI Watch FIT 5 Pro White";"белый";;"4448907078";"WWFIT5PGWH";"255.00";"USD";"16104.00";"RUB";"1";;;;"255.00";"0%";"0.00";;;
"41670538-0108";"41670538-0108-1";"2026-06-15 21:03:50";"2026-06-21 09:00:00";"2026-06-21 09:00:00";"已签收";"2026-07-07 09:02:41";"2026-06-16 08:14:58";;"335.00";"USD";"Новый realme Pad 3 8/256GB Gery";"темно-серый";;"4276994184";"DRPD3WFGU8256GR";"335.00";"USD";"21278.00";"RUB";"1";;;;"335.00";"0%";"0.00";;;
"04912689-0307";"04912689-0307-1";"2026-06-15 22:04:12";"2026-06-21 09:00:00";"2026-06-21 09:00:00";"已签收";"2026-06-27 11:26:06";"2026-06-16 05:59:52";;"266.00";"USD";"Новый Garmin Edge 540 велокомпьютер с GPS(Standard Edition) 010-02694-04";"черный";;"2918882869";"WGMED540ECBL";"266.00";"USD";"15458.00";"RUB";"1";;;;"266.00";"0%";"0.00";;;
"71161446-0046";"71161446-0046-1";"2026-06-15 23:43:57";"2026-06-21 09:00:00";"2026-06-21 09:00:00";"已签收";"2026-07-08 08:43:52";"2026-06-16 05:59:48";;"17.60";"USD";"Новый HONOR CHOICE Earbuds X8 Black";"черный";;"4606445118";"EHEX8EBL";"17.60";"USD";"1282.00";"RUB";"1";;;;"17.60";"0%";"0.00";;;
"09192004-0941";"09192004-0941-1";"2026-06-16 01:02:17";"2026-06-21 09:00:00";"2026-06-21 09:00:00";"已签收";"2026-06-25 15:55:14";"2026-06-16 06:00:05";;"10.90";"USD";"Новый HONOR CHOICE Earbuds X7 Play Black";"черный";;"4634314649";"EHEX7PLEBL";"10.90";"USD";"791.00";"RUB";"1";;;;"10.90";"0%";"0.00";;;
"63517454-0250";"63517454-0250-1";"2026-06-16 01:13:17";"2026-06-21 09:00:00";"2026-06-21 09:00:00";"已签收";"2026-07-02 06:16:07";"2026-06-16 05:59:32";;"255.00";"USD";"Новый HUAWEI Watch FIT 5 Pro Black";"черный";;"4448902531";"WWFIT5PGBL";"255.00";"USD";"16211.00";"RUB";"1";;;;"255.00";"0%";"0.00";;;
"28406976-1422";"28406976-1422-1";"2026-06-16 02:46:38";"2026-06-21 09:00:00";"2026-06-21 09:00:00";"已签收";"2026-06-28 13:13:59";"2026-06-17 06:23:30";;"266.00";"USD";"Новый Garmin Edge 540 велокомпьютер с GPS(Standard Edition) 010-02694-04";"черный";;"2918882869";"WGMED540ECBL";"266.00";"USD";"15458.00";"RUB";"1";;;;"266.00";"0%";"0.00";;;
"09281681-0010";"09281681-0010-1";"2026-06-16 06:34:48";"2026-06-21 09:00:00";"2026-06-21 09:00:00";"已签收";"2026-06-29 16:03:50";"2026-06-17 06:23:37";;"266.00";"USD";"Новый Garmin Edge 540 велокомпьютер с GPS(Standard Edition) 010-02694-04";"черный";;"2918882869";"WGMED540ECBL";"266.00";"USD";"15458.00";"RUB";"1";;;;"266.00";"0%";"0.00";;;
"40986833-0518";"40986833-0518-1";"2026-06-16 07:30:36";"2026-06-21 09:00:00";"2026-06-21 09:00:00";"已签收";"2026-06-28 09:11:19";"2026-06-17 06:23:33";;"255.00";"USD";"Новый HUAWEI Watch FIT 5 Pro White";"белый";;"4448907078";"WWFIT5PGWH";"255.00";"USD";"16226.00";"RUB";"1";;;;"255.00";"0%";"0.00";;;
"30718993-0310";"30718993-0310-1";"2026-06-16 07:46:05";"2026-06-21 09:00:00";"2026-06-21 09:00:00";"已签收";"2026-06-30 07:32:36";"2026-06-17 06:23:35";;"266.00";"USD";"Новый Garmin Edge 540 велокомпьютер с GPS(Standard Edition) 010-02694-04";"черный";;"2918882869";"WGMED540ECBL";"266.00";"USD";"15458.00";"RUB";"1";;;;"266.00";"0%";"0.00";;;
"69653560-0395";"69653560-0395-1";"2026-06-16 08:15:53";"2026-06-21 09:00:00";"2026-06-21 09:00:00";"已签收";"2026-06-29 15:13:54";"2026-06-17 06:23:38";;"10.00";"USD";"Новый HONOR CHOICE Earbuds X7 Lite White";"белый";;"4634766526";"EHEX7LTEWH";"10.00";"USD";"728.00";"RUB";"1";;;;"10.00";"0%";"0.00";;;
"48950963-0253";"48950963-0253-1";"2026-06-16 09:47:51";"2026-06-22 09:00:00";"2026-06-22 09:00:00";"已签收";"2026-06-28 11:12:32";"2026-06-17 06:23:46";;"180.00";"USD";"Новый HUAWEI FreeClip 2 White";"белый";;"3668262305";"EWFC2GWH";"180.00";"USD";"10405.00";"RUB";"1";;;;"180.00";"0%";"0.00";;;
"37834824-0007";"37834824-0007-1";"2026-06-16 10:17:21";"2026-06-22 09:00:00";"2026-06-22 09:00:00";"已签收";"2026-06-29 10:47:11";"2026-06-17 06:23:31";;"180.00";"USD";"Новый HUAWEI FreeClip 2 Black";"черный";;"3668254141";"EWFC2GBL";"180.00";"USD";"10405.00";"RUB";"1";;;;"180.00";"0%";"0.00";;;
"47375551-0130";"47375551-0130-1";"2026-06-16 10:57:04";"2026-06-22 09:00:00";"2026-06-22 09:00:00";"已签收";"2026-06-28 12:01:24";"2026-06-17 06:23:42";;"266.00";"USD";"Новый Garmin Edge 540 велокомпьютер с GPS(Standard Edition) 010-02694-04";"черный";;"2918882869";"WGMED540ECBL";"266.00";"USD";"15458.00";"RUB";"1";;;;"266.00";"0%";"0.00";;;
"02693795-0139";"02693795-0139-1";"2026-06-16 10:57:55";"2026-06-22 09:00:00";"2026-06-22 09:00:00";"已签收";"2026-06-28 12:34:16";"2026-06-17 06:23:17";;"255.00";"USD";"Новый HUAWEI Watch FIT 5 Pro Black";"черный";;"4448902531";"WWFIT5PGBL";"255.00";"USD";"16226.00";"RUB";"1";;;;"255.00";"0%";"0.00";;;
"65555675-0206";"65555675-0206-1";"2026-06-16 11:03:56";"2026-06-22 09:00:00";"2026-06-22 09:00:00";"已签收";"2026-06-28 14:59:05";"2026-06-17 06:30:23";;"17.60";"USD";"Новый HONOR CHOICE Earbuds X8 Black";"черный";;"4606445118";"EHEX8EBL";"17.60";"USD";"1277.00";"RUB";"1";;;;"17.60";"0%";"0.00";;;
"33145061-0270";"33145061-0270-1";"2026-06-16 15:04:29";"2026-06-22 09:00:00";"2026-06-22 09:00:00";"已签收";"2026-06-28 16:27:03";"2026-06-17 06:23:34";;"266.00";"USD";"Новый Garmin Edge 540 велокомпьютер с GPS(Standard Edition) 010-02694-04";"черный";;"2918882869";"WGMED540ECBL";"266.00";"USD";"14708.00";"RUB";"1";;;;"266.00";"0%";"0.00";;;
"80852960-0244";"80852960-0244-1";"2026-06-16 15:16:34";"2026-06-22 09:00:00";"2026-06-22 09:00:00";"已签收";"2026-06-27 07:42:24";"2026-06-17 06:30:27";;"165.00";"USD";"Новый HUAWEI Watch FIT 5 White";"белый";;"4448233307";"WWFIT5GWH";"165.00";"USD";"10499.00";"RUB";"1";;;;"165.00";"0%";"0.00";;;
"04319753-0824";"04319753-0824-1";"2026-06-16 15:19:31";"2026-06-22 09:00:00";"2026-06-22 09:00:00";"已签收";"2026-06-27 15:22:39";"2026-06-17 06:23:40";;"255.00";"USD";"Новый HUAWEI Watch FIT 5 Pro White";"белый";;"4448907078";"WWFIT5PGWH";"255.00";"USD";"16226.00";"RUB";"1";;;;"255.00";"0%";"0.00";;;
"30894548-0268";"30894548-0268-1";"2026-06-16 16:35:18";"2026-06-22 09:00:00";"2026-06-22 09:00:00";"已签收";"2026-07-04 08:54:55";"2026-06-17 06:23:32";;"266.00";"USD";"Новый Garmin Edge 540 велокомпьютер с GPS(Standard Edition) 010-02694-04";"черный";;"2918882869";"WGMED540ECBL";"266.00";"USD";"15458.00";"RUB";"1";;;;"266.00";"0%";"0.00";;;
"28304738-0077";"28304738-0077-1";"2026-06-16 16:45:29";"2026-06-22 09:00:00";"2026-06-22 09:00:00";"已签收";"2026-07-01 05:02:02";"2026-06-17 06:30:34";;"255.00";"USD";"Новый HUAWEI Watch FIT 5 Pro Black";"черный";;"4448902531";"WWFIT5PGBL";"255.00";"USD";"16226.00";"RUB";"1";;;;"255.00";"0%";"0.00";;;
"56506453-0362";"56506453-0362-1";"2026-06-16 18:14:34";"2026-06-22 09:00:00";"2026-06-22 09:00:00";"已签收";"2026-06-28 13:11:49";"2026-06-17 06:23:26";;"180.00";"USD";"Новый HUAWEI FreeClip 2 White";"белый";;"3668262305";"EWFC2GWH";"180.00";"USD";"10405.00";"RUB";"1";;;;"180.00";"0%";"0.00";;;
"06091025-0486";"06091025-0486-1";"2026-06-16 19:05:32";"2026-06-23 23:00:00";"2026-06-23 23:00:00";"已签收";"2026-07-08 11:17:30";"2026-06-19 08:38:54";;"64.00";"USD";"Новый realme Buds Air7 Pro Grey";"черный";;"2029781938";"ERAIR7PGGR1";"64.00";"USD";"4497.00";"RUB";"1";;;;"64.00";"0%";"0.00";;;
"34388729-0291";"34388729-0291-1";"2026-06-16 19:17:32";"2026-06-22 09:00:00";"2026-06-22 09:00:00";"已签收";"2026-06-27 06:54:23";"2026-06-17 06:23:24";;"180.00";"USD";"Новый HUAWEI FreeClip 2 White";"белый";;"3668262305";"EWFC2GWH";"180.00";"USD";"10405.00";"RUB";"1";;;;"180.00";"0%";"0.00";;;
"22483708-0069";"22483708-0069-1";"2026-06-16 21:23:17";"2026-06-22 09:00:00";"2026-06-22 09:00:00";"已取消";;"2026-06-17 06:30:38";"2026-06-29 15:57:07";"255.00";"USD";"Новый HUAWEI Watch FIT 5 Pro White";"белый";;"4448907078";"WWFIT5PGWH";"255.00";"USD";"16156.00";"RUB";"1";;;;"255.00";"0%";"0.00";;;
"28999065-0123";"28999065-0123-1";"2026-06-16 22:22:52";"2026-06-22 09:00:00";"2026-06-22 09:00:00";"已签收";"2026-06-28 09:30:52";"2026-06-17 06:23:26";;"266.00";"USD";"Новый Garmin Edge 540 велокомпьютер с GPS(Standard Edition) 010-02694-04";"черный";;"2918882869";"WGMED540ECBL";"266.00";"USD";"15391.00";"RUB";"1";;;;"266.00";"0%";"0.00";;;
"50940003-0277";"50940003-0277-1";"2026-06-17 01:26:35";"2026-06-22 09:00:00";"2026-06-22 09:00:00";"已签收";"2026-06-30 13:10:05";"2026-06-17 06:23:40";;"165.00";"USD";"Новый HUAWEI Watch FIT 5 Black";"черный";;"4448221487";"WWFIT5GBL";"165.00";"USD";"10454.00";"RUB";"1";;;;"165.00";"0%";"0.00";;;
"39072251-1237";"39072251-1237-1";"2026-06-17 02:06:16";"2026-06-22 09:00:00";"2026-06-22 09:00:00";"已签收";"2026-07-02 13:46:14";"2026-06-17 06:26:46";;"180.00";"USD";"Новый HUAWEI FreeClip 2 Black";"черный";;"3668254141";"EWFC2GBL";"180.00";"USD";"10360.00";"RUB";"1";;;;"180.00";"0%";"0.00";;;
"58456022-0519";"58456022-0519-1";"2026-06-17 04:10:46";"2026-06-22 09:00:00";"2026-06-22 09:00:00";"已取消";;;"2026-06-17 07:03:34";"255.00";"USD";"Новый HUAWEI Watch FIT 5 Pro Black";"черный";;"4448902531";"WWFIT5PGBL";"255.00";"USD";"16156.00";"RUB";"1";;;;"255.00";"0%";"0.00";;;
"90575303-0097";"90575303-0097-1";"2026-06-17 04:30:04";"2026-06-22 09:00:00";"2026-06-22 09:00:00";"已签收";"2026-06-27 16:41:12";"2026-06-18 09:04:35";;"255.00";"USD";"Новый HUAWEI Watch FIT 5 Pro Black";"черный";;"4448902531";"WWFIT5PGBL";"255.00";"USD";"16156.00";"RUB";"1";;;;"255.00";"0%";"0.00";;;
"70722210-0127";"70722210-0127-1";"2026-06-17 06:19:46";"2026-06-22 09:00:00";"2026-06-22 09:00:00";"已签收";"2026-06-29 12:29:46";"2026-06-18 09:05:36";;"180.00";"USD";"Новый HUAWEI FreeClip 2 White";"белый";;"3668262305";"EWFC2GWH";"180.00";"USD";"10360.00";"RUB";"1";;;;"180.00";"0%";"0.00";;;
"64279003-0143";"64279003-0143-1";"2026-06-17 06:22:22";"2026-06-22 09:00:00";"2026-06-22 09:00:00";"已签收";"2026-07-02 07:28:27";"2026-06-18 09:05:16";;"17.60";"USD";"Новый HONOR CHOICE Earbuds X8 Black";"черный";;"4606445118";"EHEX8EBL";"17.60";"USD";"1271.00";"RUB";"1";;;;"17.60";"0%";"0.00";;;
"58456022-0520";"58456022-0520-1";"2026-06-17 07:01:40";"2026-06-22 09:00:00";"2026-06-22 09:00:00";"已取消";;;"2026-06-17 07:03:18";"255.00";"USD";"Новый HUAWEI Watch FIT 5 Pro Black";"черный";;"4448902531";"WWFIT5PGBL";"255.00";"USD";"16156.00";"RUB";"1";;;;"255.00";"0%";"0.00";;;
"58456022-0521";"58456022-0521-1";"2026-06-17 07:04:16";"2026-06-22 09:00:00";"2026-06-22 09:00:00";"已签收";"2026-06-30 17:54:43";"2026-06-18 09:05:06";;"255.00";"USD";"Новый HUAWEI Watch FIT 5 Pro White";"белый";;"4448907078";"WWFIT5PGWH";"255.00";"USD";"16156.00";"RUB";"1";;;;"255.00";"0%";"0.00";;;
"49890590-0672";"49890590-0672-1";"2026-06-17 07:27:37";"2026-06-22 09:00:00";"2026-06-22 09:00:00";"已签收";"2026-06-27 13:33:19";"2026-06-18 08:58:32";;"165.00";"USD";"Новый HUAWEI Watch FIT 5 White";"белый";;"4448233307";"WWFIT5GWH";"165.00";"USD";"10454.00";"RUB";"1";;;;"165.00";"0%";"0.00";;;
"74555062-0191";"74555062-0191-1";"2026-06-17 08:28:25";"2026-06-22 09:00:00";"2026-06-22 09:00:00";"已签收";"2026-06-29 16:01:41";"2026-06-18 08:58:36";;"17.60";"USD";"Новый HONOR CHOICE Earbuds X8 Black";"черный";;"4606445118";"EHEX8EBL";"17.60";"USD";"1271.00";"RUB";"1";;;;"17.60";"0%";"0.00";;;
"04297395-0084";"04297395-0084-1";"2026-06-17 09:23:29";"2026-06-23 09:00:00";"2026-06-23 09:00:00";"已签收";"2026-06-29 09:56:08";"2026-06-18 09:05:25";;"270.00";"USD";"Новый Garmin Edge 540 велокомпьютер с GPS(Standard Edition) 010-02694-04";"черный";;"2918882869";"WGMED540ECBL";"270.00";"USD";"15623.00";"RUB";"1";;;;"270.00";"0%";"0.00";;;
"39072251-1238";"39072251-1238-1";"2026-06-17 10:15:16";"2026-06-23 09:00:00";"2026-06-23 09:00:00";"已签收";"2026-07-02 13:46:13";"2026-06-18 09:06:44";;"170.00";"USD";"Новый HUAWEI FreeClip 2 Black";"черный";;"3668254141";"EWFC2GBL";"170.00";"USD";"9785.00";"RUB";"1";;;;"170.00";"0%";"0.00";;;
"49953111-0463";"49953111-0463-1";"2026-06-17 13:34:09";"2026-06-23 09:00:00";"2026-06-23 09:00:00";"已签收";"2026-06-28 10:11:15";"2026-06-18 09:05:43";;"170.00";"USD";"Новый HUAWEI FreeClip 2 White";"белый";;"3668262305";"EWFC2GWH";"170.00";"USD";"9743.00";"RUB";"1";;;;"170.00";"0%";"0.00";;;
"0252075109-0016";"0252075109-0016-1";"2026-06-17 13:51:42";"2026-06-23 09:00:00";"2026-06-23 09:00:00";"已签收";"2026-06-27 17:37:35";"2026-06-18 08:58:37";;"170.00";"USD";"Новый HUAWEI FreeClip 2 White";"белый";;"3668262305";"EWFC2GWH";"170.00";"USD";"9743.00";"RUB";"1";;;;"170.00";"0%";"0.00";;;
"0124962562-0205";"0124962562-0205-1";"2026-06-17 14:15:22";"2026-06-23 09:00:00";"2026-06-23 09:00:00";"已签收";"2026-06-29 17:33:54";"2026-06-18 09:06:02";;"170.00";"USD";"Новый HUAWEI FreeClip 2 Black";"черный";;"3668254141";"EWFC2GBL";"170.00";"USD";"9743.00";"RUB";"1";;;;"170.00";"0%";"0.00";;;
"51250652-0002";"51250652-0002-2";"2026-06-17 15:39:56";"2026-06-23 09:00:00";"2026-06-23 09:00:00";"已签收";"2026-06-29 12:43:56";"2026-06-18 09:04:21";;"170.00";"USD";"Новый HUAWEI FreeClip 2 White";"белый";;"3668262305";"EWFC2GWH";"170.00";"USD";"10506.00";"RUB";"1";;;;"170.00";"0%";"0.00";;;
"0122263046-0529";"0122263046-0529-1";"2026-06-17 16:56:46";"2026-06-23 09:00:00";"2026-06-23 09:00:00";"已签收";"2026-07-04 11:21:57";"2026-06-18 09:05:46";;"170.00";"USD";"Новый HUAWEI FreeBuds Pro 5 Gery";"черно-серый";;"4446802444";"EWFBP5GGR";"170.00";"USD";"10421.00";"RUB";"1";;;;"170.00";"0%";"0.00";;;
"43842474-0830";"43842474-0830-1";"2026-06-17 17:24:26";"2026-06-23 09:00:00";"2026-06-23 09:00:00";"已取消";;"2026-06-18 09:06:16";"2026-06-28 18:42:10";"170.00";"USD";"Новый HUAWEI FreeClip 2 Black";"черный";;"3668254141";"EWFC2GBL";"170.00";"USD";"8343.00";"RUB";"1";;;;"170.00";"0%";"0.00";;;
"47259235-0150";"47259235-0150-1";"2026-06-17 17:29:40";"2026-06-23 09:00:00";"2026-06-23 09:00:00";"已签收";"2026-06-29 12:35:03";"2026-06-18 09:05:20";;"165.00";"USD";"Новый HUAWEI Watch FIT 5 White";"белый";;"4448233307";"WWFIT5GWH";"165.00";"USD";"10413.00";"RUB";"1";;;;"165.00";"0%";"0.00";;;
"09067521-0844";"09067521-0844-1";"2026-06-17 18:17:56";"2026-06-23 09:00:00";"2026-06-23 09:00:00";"已签收";"2026-06-28 13:07:26";"2026-06-18 08:58:29";;"17.60";"USD";"Новый HONOR CHOICE Earbuds X8 White";"белый";;"4606441988";"EHEX8EWH";"17.60";"USD";"1270.00";"RUB";"1";;;;"17.60";"0%";"0.00";;;
"80123675-0088";"80123675-0088-6";"2026-06-17 18:26:05";"2026-06-23 09:00:00";"2026-06-23 09:00:00";"已签收";"2026-06-29 09:32:29";"2026-06-18 09:06:36";;"170.00";"USD";"Новый HUAWEI FreeClip 2 Black";"черный";;"3668254141";"EWFC2GBL";"170.00";"USD";"9743.00";"RUB";"1";;;;"170.00";"0%";"0.00";;;
"26257479-0220";"26257479-0220-2";"2026-06-17 20:14:45";"2026-06-23 09:00:00";"2026-06-23 09:00:00";"已签收";"2026-06-28 18:27:20";"2026-06-18 09:05:12";;"270.00";"USD";"Новый Garmin Edge 540 велокомпьютер с GPS(Standard Edition) 010-02694-04";"черный";;"2918882869";"WGMED540ECBL";"270.00";"USD";"15499.00";"RUB";"1";;;;"270.00";"0%";"0.00";;;
"98703068-0227";"98703068-0227-1";"2026-06-17 22:57:50";"2026-06-23 09:00:00";"2026-06-23 09:00:00";"已签收";"2026-06-29 12:52:37";"2026-06-18 09:06:10";;"255.00";"USD";"Новый HUAWEI Watch FIT 5 Pro Black";"черный";;"4448902531";"WWFIT5PGBL";"255.00";"USD";"16229.00";"RUB";"1";;;;"255.00";"0%";"0.00";;;
"15714181-0698";"15714181-0698-1";"2026-06-18 03:49:10";"2026-06-23 09:00:00";"2026-06-23 09:00:00";"已取消";;;"2026-06-19 00:30:09";"199.00";"USD";"Новый HUAWEI WATCH GT 6 46mm Black Fluoroelastomer Strap";"черный";;"3075996858";"WWGT6SA46BL";"199.00";"USD";"12665.00";"RUB";"1";;;;"199.00";"0%";"0.00";;;
"86812924-0213";"86812924-0213-1";"2026-06-18 03:56:58";"2026-06-23 09:00:00";"2026-06-23 09:00:00";"已签收";"2026-07-08 16:00:40";"2026-06-20 06:38:35";;"17.60";"USD";"Новый HONOR CHOICE Earbuds X8 Black";"черный";;"4606445118";"EHEX8EBL";"17.60";"USD";"1305.00";"RUB";"1";;;;"17.60";"0%";"0.00";;;
"08542604-0498";"08542604-0498-1";"2026-06-18 07:50:49";"2026-06-23 09:00:00";"2026-06-23 09:00:00";"已签收";"2026-07-01 13:41:22";"2026-06-20 06:36:22";;"10.90";"USD";"Новый HONOR CHOICE Earbuds X7 Play Black";"черный";;"4634314649";"EHEX7PLEBL";"10.90";"USD";"793.00";"RUB";"1";;;;"10.90";"0%";"0.00";;;
"31377308-0103";"31377308-0103-2";"2026-06-18 08:21:35";"2026-06-23 09:00:00";"2026-06-23 09:00:00";"已签收";"2026-06-30 17:39:14";"2026-06-20 06:38:56";;"270.00";"USD";"Новый Garmin Edge 540 велокомпьютер с GPS(Standard Edition) 010-02694-04";"черный";;"2918882869";"WGMED540ECBL";"270.00";"USD";"15630.00";"RUB";"1";;;;"270.00";"0%";"0.00";;;
"43534134-0103";"43534134-0103-4";"2026-06-18 09:25:02";"2026-06-24 09:00:00";"2026-06-24 09:00:00";"已签收";"2026-07-01 16:56:56";"2026-06-20 06:36:55";;"17.60";"USD";"Новый HONOR CHOICE Earbuds X8 Black";"черный";;"4606445118";"EHEX8EBL";"17.60";"USD";"1299.00";"RUB";"1";;;;"17.60";"0%";"0.00";;;
"30313856-0649";"30313856-0649-1";"2026-06-18 10:54:43";"2026-06-24 09:00:00";"2026-06-24 09:00:00";"已取消";;;"2026-06-18 16:40:38";"170.00";"USD";"Новый HUAWEI FreeClip 2 White";"белый";;"3668262305";"EWFC2GWH";"170.00";"USD";"9625.00";"RUB";"1";;;;"170.00";"0%";"0.00";;;
"0216012178-0037";"0216012178-0037-1";"2026-06-18 12:19:56";"2026-06-24 09:00:00";"2026-06-24 09:00:00";"已签收";"2026-06-30 10:16:05";"2026-06-20 06:37:55";;"170.00";"USD";"Новый HUAWEI FreeClip 2 White";"белый";;"3668262305";"EWFC2GWH";"170.00";"USD";"9825.00";"RUB";"1";;;;"170.00";"0%";"0.00";;;
"06237325-0615";"06237325-0615-1";"2026-06-18 14:10:26";"2026-06-24 09:00:00";"2026-06-24 09:00:00";"已签收";"2026-07-01 14:36:39";"2026-06-20 06:38:36";;"170.00";"USD";"Новый HUAWEI FreeClip 2 Black";"черный";;"3668254141";"EWFC2GBL";"170.00";"USD";"9825.00";"RUB";"1";;;;"170.00";"0%";"0.00";;;
"0136073914-0130";"0136073914-0130-1";"2026-06-18 14:11:30";"2026-06-24 09:00:00";"2026-06-24 09:00:00";"已签收";"2026-07-01 09:43:12";"2026-06-20 06:37:54";;"165.00";"USD";"Новый HUAWEI Watch FIT 5 Black";"черный";;"4448221487";"WWFIT5GBL";"165.00";"USD";"10501.00";"RUB";"1";;;;"165.00";"0%";"0.00";;;
"30717565-0628";"30717565-0628-1";"2026-06-18 14:48:40";"2026-06-24 09:00:00";"2026-06-24 09:00:00";"已签收";"2026-07-03 17:24:59";"2026-06-20 06:38:35";;"170.00";"USD";"Новый HUAWEI FreeClip 2 White";"белый";;"3668262305";"EWFC2GWH";"170.00";"USD";"9825.00";"RUB";"1";;;;"170.00";"0%";"0.00";;;
"36154712-0245";"36154712-0245-1";"2026-06-18 16:06:15";"2026-06-24 09:00:00";"2026-06-24 09:00:00";"已签收";"2026-07-06 14:36:06";"2026-06-20 06:38:35";;"255.00";"USD";"Новый HUAWEI Watch FIT 5 Pro Black";"черный";;"4448902531";"WWFIT5PGBL";"255.00";"USD";"16155.00";"RUB";"1";;;;"255.00";"0%";"0.00";;;
"44563342-0118";"44563342-0118-1";"2026-06-18 16:33:21";"2026-06-24 09:00:00";"2026-06-24 09:00:00";"已签收";"2026-07-02 08:10:12";"2026-06-20 06:37:54";;"170.00";"USD";"Новый HUAWEI FreeClip 2 White";"белый";;"3668262305";"EWFC2GWH";"170.00";"USD";"9775.00";"RUB";"1";;;;"170.00";"0%";"0.00";;;
"03276504-0058";"03276504-0058-1";"2026-06-18 17:07:33";"2026-06-24 09:00:00";"2026-06-24 09:00:00";"已签收";"2026-07-02 05:53:09";"2026-06-20 06:37:54";;"165.00";"USD";"Новый HUAWEI Watch FIT 5 Black";"черный";;"4448221487";"WWFIT5GBL";"165.00";"USD";"10453.00";"RUB";"1";;;;"165.00";"0%";"0.00";;;
"40619004-0346";"40619004-0346-1";"2026-06-18 17:20:44";"2026-06-24 09:00:00";"2026-06-24 09:00:00";"已签收";"2026-06-29 16:54:00";"2026-06-20 06:34:22";;"17.60";"USD";"Новый HONOR CHOICE Earbuds X8 White";"белый";;"4606441988";"EHEX8EWH";"17.60";"USD";"1280.00";"RUB";"1";;;;"17.60";"0%";"0.00";;;
"52970349-0556";"52970349-0556-1";"2026-06-18 19:05:57";"2026-06-24 09:00:00";"2026-06-24 09:00:00";"已签收";"2026-07-01 10:55:47";"2026-06-20 06:39:05";;"255.00";"USD";"Новый HUAWEI Watch FIT 5 Pro Black";"черный";;"4448902531";"WWFIT5PGBL";"255.00";"USD";"16155.00";"RUB";"1";;;;"255.00";"0%";"0.00";;;
"64694482-0185";"64694482-0185-1";"2026-06-18 19:22:42";"2026-06-24 09:00:00";"2026-06-24 09:00:00";"已签收";"2026-06-30 13:15:47";"2026-06-20 06:36:40";;"165.00";"USD";"Новый HUAWEI Watch FIT 5 Black";"черный";;"4448221487";"WWFIT5GBL";"165.00";"USD";"10453.00";"RUB";"1";;;;"165.00";"0%";"0.00";;;
"03330663-0281";"03330663-0281-1";"2026-06-18 19:24:30";"2026-06-24 09:00:00";"2026-06-24 09:00:00";"已签收";"2026-07-02 07:27:10";"2026-06-20 06:38:35";;"270.00";"USD";"Новый Garmin Edge 540 велокомпьютер с GPS(Standard Edition) 010-02694-04";"черный";;"2918882869";"WGMED540ECBL";"270.00";"USD";"15772.00";"RUB";"1";;;;"270.00";"0%";"0.00";;;
"35184237-0173";"35184237-0173-1";"2026-06-18 20:04:05";"2026-06-24 09:00:00";"2026-06-24 09:00:00";"已签收";"2026-06-30 15:09:03";"2026-06-20 06:39:00";;"255.00";"USD";"Новый HUAWEI Watch FIT 5 Pro Black";"черный";;"4448902531";"WWFIT5PGBL";"255.00";"USD";"16155.00";"RUB";"1";;;;"255.00";"0%";"0.00";;;
"0146171206-0051";"0146171206-0051-1";"2026-06-18 20:06:03";"2026-06-24 09:00:00";"2026-06-24 09:00:00";"已签收";"2026-06-30 14:23:16";"2026-06-20 06:36:32";;"170.00";"USD";"Новый HUAWEI FreeClip 2 Black";"черный";;"3668254141";"EWFC2GBL";"170.00";"USD";"9775.00";"RUB";"1";;;;"170.00";"0%";"0.00";;;
"16309528-0243";"16309528-0243-1";"2026-06-18 21:10:09";"2026-06-24 09:00:00";"2026-06-24 09:00:00";"已签收";"2026-07-06 10:44:29";"2026-06-20 07:16:42";;"300.00";"USD";"Новый OPPO Watch X3 Black";"черный";;"4243558742";"WOPWTHX3GBL";"300.00";"USD";"19165.00";"RUB";"1";;;;"300.00";"0%";"0.00";;;
"45176071-0119";"45176071-0119-1";"2026-06-19 02:34:47";"2026-06-24 09:00:00";"2026-06-24 09:00:00";"已签收";"2026-07-02 13:53:38";"2026-06-20 06:33:25";;"255.00";"USD";"Новый HUAWEI Watch FIT 5 Pro Black";"черный";;"4448902531";"WWFIT5PGBL";"255.00";"USD";"16290.00";"RUB";"1";;;;"255.00";"0%";"0.00";;;
"48643805-0310";"48643805-0310-1";"2026-06-19 07:00:12";"2026-06-24 09:00:00";"2026-06-24 09:00:00";"已签收";"2026-07-01 12:31:33";"2026-06-20 06:32:42";;"270.00";"USD";"Новый Garmin Edge 540 велокомпьютер с GPS(Standard Edition) 010-02694-04";"черный";;"2918882869";"WGMED540ECBL";"270.00";"USD";"15905.00";"RUB";"1";;;;"270.00";"0%";"0.00";;;
"41900065-0193";"41900065-0193-1";"2026-06-19 08:14:47";"2026-06-24 09:00:00";"2026-06-24 09:00:00";"已签收";"2026-06-30 17:32:58";"2026-06-20 06:32:28";;"255.00";"USD";"Новый HUAWEI Watch FIT 5 Pro Black";"черный";;"4448902531";"WWFIT5PGBL";"255.00";"USD";"16290.00";"RUB";"1";;;;"255.00";"0%";"0.00";;;
"33434368-0129";"33434368-0129-1";"2026-06-19 08:25:38";"2026-06-24 09:00:00";"2026-06-24 09:00:00";"已签收";"2026-06-30 16:05:17";"2026-06-20 06:35:33";;"170.00";"USD";"Новый HUAWEI FreeClip 2 White";"белый";;"3668262305";"EWFC2GWH";"170.00";"USD";"9857.00";"RUB";"1";;;;"170.00";"0%";"0.00";;;
"46710534-0445";"46710534-0445-1";"2026-06-19 10:26:42";"2026-06-24 23:00:00";"2026-06-24 23:00:00";"已签收";"2026-07-08 13:05:10";"2026-06-22 10:46:40";;"250.00";"USD";"Новый Garmin Vivoactive 5 Black";"черный";;"1971827456";"WGMVA5KBL";"250.00";"USD";"16063.00";"RUB";"1";;;;"250.00";"0%";"0.00";;;
"47738964-0250";"47738964-0250-1";"2026-06-19 11:55:07";"2026-06-24 09:00:00";"2026-06-24 09:00:00";"已签收";"2026-07-04 06:52:52";"2026-06-22 07:46:05";;"199.00";"USD";"Новый HUAWEI WATCH GT 6 46mm Black Fluoroelastomer Strap";"черный";;"3075996858";"WWGT6SA46BL";"199.00";"USD";"12713.00";"RUB";"1";;;;"199.00";"0%";"0.00";;;
"30313856-0650";"30313856-0650-1";"2026-06-19 12:59:30";"2026-06-24 09:00:00";"2026-06-24 09:00:00";"已签收";"2026-07-01 12:27:53";"2026-06-20 06:34:27";;"170.00";"USD";"Новый HUAWEI FreeClip 2 White";"белый";;"3668262305";"EWFC2GWH";"170.00";"USD";"9575.00";"RUB";"1";;;;"170.00";"0%";"0.00";;;
"44264331-0389";"44264331-0389-1";"2026-06-19 13:26:23";"2026-06-24 09:00:00";"2026-06-24 09:00:00";"已签收";"2026-06-30 14:53:43";"2026-06-20 06:33:25";;"170.00";"USD";"Новый HUAWEI FreeClip 2 Black";"черный";;"3668254141";"EWFC2GBL";"170.00";"USD";"9857.00";"RUB";"1";;;;"170.00";"0%";"0.00";;;
"0121117996-0298";"0121117996-0298-1";"2026-06-19 15:37:34";"2026-06-24 09:00:00";"2026-06-24 09:00:00";"已签收";"2026-07-03 15:29:46";"2026-06-20 06:34:20";;"270.00";"USD";"Новый Garmin Edge 540 велокомпьютер с GPS(Standard Edition) 010-02694-04";"черный";;"2918882869";"WGMED540ECBL";"270.00";"USD";"17085.00";"RUB";"1";;;;"270.00";"0%";"0.00";;;
"90010383-0632";"90010383-0632-1";"2026-06-19 16:44:59";"2026-06-24 09:00:00";"2026-06-24 09:00:00";"已签收";"2026-06-30 09:39:14";"2026-06-20 06:34:30";;"170.00";"USD";"Новый HUAWEI FreeClip 2 White";"белый";;"3668262305";"EWFC2GWH";"170.00";"USD";"9466.00";"RUB";"1";;;;"170.00";"0%";"0.00";;;
"0112694824-0198";"0112694824-0198-1";"2026-06-19 17:31:36";"2026-06-24 09:00:00";"2026-06-24 09:00:00";"已签收";"2026-07-01 14:40:18";"2026-06-20 06:35:00";;"170.00";"USD";"Новый HUAWEI FreeClip 2 White";"белый";;"3668262305";"EWFC2GWH";"170.00";"USD";"9866.00";"RUB";"1";;;;"170.00";"0%";"0.00";;;
"0131839969-0049";"0131839969-0049-1";"2026-06-19 18:17:53";"2026-06-24 09:00:00";"2026-06-24 09:00:00";"已签收";"2026-07-01 14:10:08";"2026-06-20 06:32:28";;"270.00";"USD";"Новый Garmin Edge 540 велокомпьютер с GPS(Standard Edition) 010-02694-04";"черный";;"2918882869";"WGMED540ECBL";"270.00";"USD";"15993.00";"RUB";"1";;;;"270.00";"0%";"0.00";;;
"35380585-0124";"35380585-0124-1";"2026-06-19 18:55:58";"2026-06-24 09:00:00";"2026-06-24 09:00:00";"已签收";"2026-07-06 11:38:35";"2026-06-20 06:35:02";;"17.60";"USD";"Новый HONOR CHOICE Earbuds X8 Black";"черный";;"4606445118";"EHEX8EBL";"17.60";"USD";"1309.00";"RUB";"1";;;;"17.60";"0%";"0.00";;;
"96551116-0645";"96551116-0645-1";"2026-06-19 19:47:43";"2026-06-24 09:00:00";"2026-06-24 09:00:00";"已签收";"2026-07-01 16:19:22";"2026-06-20 06:31:36";;"260.00";"USD";"Новый HUAWEI Watch FIT 5 Pro White";"белый";;"4448907078";"WWFIT5PGWH";"260.00";"USD";"16623.00";"RUB";"1";;;;"260.00";"0%";"0.00";;;
"07505535-0232";"07505535-0232-1";"2026-06-19 20:59:52";"2026-06-24 09:00:00";"2026-06-24 09:00:00";"已签收";"2026-06-30 15:20:20";"2026-06-20 06:32:19";;"270.00";"USD";"Новый Garmin Edge 540 велокомпьютер с GPS(Standard Edition) 010-02694-04";"черный";;"2918882869";"WGMED540ECBL";"270.00";"USD";"15993.00";"RUB";"1";;;;"270.00";"0%";"0.00";;;
"0103886762-0291";"0103886762-0291-1";"2026-06-19 21:04:23";"2026-06-24 09:00:00";"2026-06-24 09:00:00";"已签收";"2026-07-02 17:40:04";"2026-06-20 06:32:43";;"260.00";"USD";"Новый HUAWEI Watch FIT 5 Pro White";"белый";;"4448907078";"WWFIT5PGWH";"260.00";"USD";"16641.00";"RUB";"1";;;;"260.00";"0%";"0.00";;;
"52725042-0219";"52725042-0219-1";"2026-06-20 06:50:49";"2026-06-24 09:00:00";"2026-06-24 09:00:00";"已取消";;;"2026-06-20 08:53:04";"255.00";"USD";"Новый HUAWEI Watch FIT 5 Pro Black";"черный";;"4448902531";"WWFIT5PGBL";"255.00";"USD";"14444.00";"RUB";"1";;;;"255.00";"0%";"0.00";;;
"73710757-0189";"73710757-0189-1";"2026-06-20 10:09:22";"2026-06-25 09:00:00";"2026-06-25 09:00:00";"已取消";;;"2026-06-21 04:27:51";"170.00";"USD";"Новый HUAWEI FreeClip 2 White";"белый";;"3668262305";"EWFC2GWH";"170.00";"USD";"9878.00";"RUB";"1";;;;"170.00";"0%";"0.00";;;
"11378737-0468";"11378737-0468-2";"2026-06-20 11:09:30";"2026-06-25 09:00:00";"2026-06-25 09:00:00";"已签收";"2026-07-02 15:31:00";"2026-06-22 07:42:35";;"170.00";"USD";"Новый HUAWEI Watch FIT 5 White";"белый";;"4448233307";"WWFIT5GWH";"170.00";"USD";"10882.00";"RUB";"1";;;;"170.00";"0%";"0.00";;;
"33267025-0949";"33267025-0949-2";"2026-06-20 11:44:29";"2026-06-25 09:00:00";"2026-06-25 09:00:00";"已取消";;;"2026-06-20 11:44:50";"170.00";"USD";"Новый HUAWEI FreeClip 2 White";"белый";;"3668262305";"EWFC2GWH";"170.00";"USD";"9878.00";"RUB";"1";;;;"170.00";"0%";"0.00";;;"包含在配送费用中"
"16120848-0592";"16120848-0592-1";"2026-06-20 11:49:54";"2026-06-25 09:00:00";"2026-06-25 09:00:00";"已签收";"2026-07-02 15:55:33";"2026-06-22 07:46:13";;"170.00";"USD";"Новый HUAWEI FreeClip 2 White";"белый";;"3668262305";"EWFC2GWH";"170.00";"USD";"9878.00";"RUB";"1";;;;"170.00";"0%";"0.00";;;
"74716003-0192";"74716003-0192-1";"2026-06-20 12:32:43";"2026-06-25 09:00:00";"2026-06-25 09:00:00";"已签收";"2026-07-01 16:51:04";"2026-06-22 07:45:50";;"270.00";"USD";"Новый Garmin Edge 540 велокомпьютер с GPS(Standard Edition) 010-02694-04";"черный";;"2918882869";"WGMED540ECBL";"270.00";"USD";"16030.00";"RUB";"1";;;;"270.00";"0%";"0.00";;;
"25371744-1052";"25371744-1052-1";"2026-06-20 12:39:37";"2026-06-25 09:00:00";"2026-06-25 09:00:00";"已签收";"2026-07-04 11:14:54";"2026-06-22 07:46:09";;"170.00";"USD";"Новый HUAWEI FreeClip 2 White";"белый";;"3668262305";"EWFC2GWH";"170.00";"USD";"10663.00";"RUB";"1";;;;"170.00";"0%";"0.00";;;
"13698220-0175";"13698220-0175-2";"2026-06-20 15:45:55";"2026-06-25 09:00:00";"2026-06-25 09:00:00";"已签收";"2026-07-12 11:59:57";"2026-06-22 07:45:01";;"17.60";"USD";"Новый HONOR CHOICE Earbuds X8 White";"белый";;"4606441988";"EHEX8EWH";"17.60";"USD";"1293.00";"RUB";"1";;;;"17.60";"0%";"0.00";;;
"46434775-0422";"46434775-0422-1";"2026-06-20 16:38:07";"2026-06-25 09:00:00";"2026-06-25 09:00:00";"已签收";"2026-06-30 17:43:07";"2026-06-22 07:41:17";;"255.00";"USD";"Новый HUAWEI Watch FIT 5 Pro Black";"черный";;"4448902531";"WWFIT5PGBL";"255.00";"USD";"16323.00";"RUB";"1";;;;"255.00";"0%";"0.00";;;
"33285129-0592";"33285129-0592-1";"2026-06-20 17:43:50";"2026-06-25 09:00:00";"2026-06-25 09:00:00";"已签收";"2026-07-03 11:19:22";"2026-06-22 07:44:11";;"170.00";"USD";"Новый HUAWEI FreeClip 2 White";"белый";;"3668262305";"EWFC2GWH";"170.00";"USD";"9878.00";"RUB";"1";;;;"170.00";"0%";"0.00";;;
"93601971-0722";"93601971-0722-1";"2026-06-20 20:18:15";"2026-06-25 09:00:00";"2026-06-25 09:00:00";"已签收";"2026-07-05 13:04:08";"2026-06-22 07:45:50";;"270.00";"USD";"Новый Garmin Edge 540 велокомпьютер с GPS(Standard Edition) 010-02694-04";"черный";;"2918882869";"WGMED540ECBL";"270.00";"USD";"16030.00";"RUB";"1";;;;"270.00";"0%";"0.00";;;
"99481747-0659";"99481747-0659-1";"2026-06-21 08:19:58";"2026-06-25 09:00:00";"2026-06-25 09:00:00";"已签收";"2026-07-03 07:58:58";"2026-06-22 07:42:35";;"170.00";"USD";"Новый HUAWEI FreeBuds Pro 5 White";"белый";;"4446808733";"EWFBP5GWH";"170.00";"USD";"10568.00";"RUB";"1";;;;"170.00";"0%";"0.00";;;
"03017630-0641";"03017630-0641-5";"2026-06-21 09:06:10";"2026-06-26 09:00:00";"2026-06-26 09:00:00";"已签收";"2026-06-30 14:12:46";"2026-06-22 07:44:09";;"170.00";"USD";"Новый HUAWEI FreeClip 2 Black";"черный";;"3668254141";"EWFC2GBL";"170.00";"USD";"9878.00";"RUB";"1";;;;"170.00";"0%";"0.00";;;"包含在配送费用中"
"03017630-0641";"03017630-0641-6";"2026-06-21 09:06:10";"2026-06-26 09:00:00";"2026-06-26 09:00:00";"已签收";"2026-06-30 14:12:46";"2026-06-22 07:42:35";;"170.00";"USD";"Новый HUAWEI FreeClip 2 White";"белый";;"3668262305";"EWFC2GWH";"170.00";"USD";"9878.00";"RUB";"1";;;;"170.00";"0%";"0.00";;;"包含在配送费用中"
"0133858172-0104";"0133858172-0104-1";"2026-06-21 09:17:29";"2026-06-26 09:00:00";"2026-06-26 09:00:00";"已签收";"2026-07-01 17:19:57";"2026-06-22 07:44:10";;"170.00";"USD";"Новый HUAWEI FreeClip 2 White";"белый";;"3668262305";"EWFC2GWH";"170.00";"USD";"9878.00";"RUB";"1";;;;"170.00";"0%";"0.00";;;
"42882339-0271";"42882339-0271-1";"2026-06-21 09:28:11";"2026-06-26 09:00:00";"2026-06-26 09:00:00";"已签收";"2026-07-03 09:24:47";"2026-06-22 07:46:14";;"17.60";"USD";"Новый HONOR CHOICE Earbuds X8 White";"белый";;"4606441988";"EHEX8EWH";"17.60";"USD";"1293.00";"RUB";"1";;;;"17.60";"0%";"0.00";;;
"14695181-0162";"14695181-0162-1";"2026-06-21 12:04:07";"2026-06-26 09:00:00";"2026-06-26 09:00:00";"已签收";"2026-07-01 14:20:59";"2026-06-22 07:45:59";;"170.00";"USD";"Новый HUAWEI FreeClip 2 Black";"черный";;"3668254141";"EWFC2GBL";"170.00";"USD";"10663.00";"RUB";"1";;;;"170.00";"0%";"0.00";;;
"0128230044-0296";"0128230044-0296-1";"2026-06-21 12:39:21";"2026-06-26 09:00:00";"2026-06-26 09:00:00";"已签收";"2026-07-01 08:50:39";"2026-06-22 07:44:10";;"170.00";"USD";"Новый HUAWEI FreeClip 2 Black";"черный";;"3668254141";"EWFC2GBL";"170.00";"USD";"9878.00";"RUB";"1";;;;"170.00";"0%";"0.00";;;
"38981598-0052";"38981598-0052-1";"2026-06-21 14:12:16";"2026-06-26 09:00:00";"2026-06-26 09:00:00";"已签收";"2026-06-30 12:14:49";"2026-06-22 07:46:25";;"165.00";"USD";"Новый HUAWEI Watch FIT 5 Black";"черный";;"4448221487";"WWFIT5GBL";"165.00";"USD";"10562.00";"RUB";"1";;;;"165.00";"0%";"0.00";;;
"07825689-2099";"07825689-2099-1";"2026-06-21 15:58:41";"2026-06-26 09:00:00";"2026-06-26 09:00:00";"已取消";;;"2026-06-21 16:00:25";"170.00";"USD";"Новый HUAWEI FreeClip 2 Black";"черный";;"3668254141";"EWFC2GBL";"170.00";"USD";"9878.00";"RUB";"1";;;;"170.00";"0%";"0.00";;;
"48182433-0215";"48182433-0215-1";"2026-06-21 16:09:26";"2026-06-26 09:00:00";"2026-06-26 09:00:00";"已签收";"2026-07-02 07:01:14";"2026-06-22 07:42:35";;"270.00";"USD";"Новый Garmin Edge 540 велокомпьютер с GPS(Standard Edition) 010-02694-04";"черный";;"2918882869";"WGMED540ECBL";"270.00";"USD";"16030.00";"RUB";"1";;;;"270.00";"0%";"0.00";;;
"96933155-0127";"96933155-0127-1";"2026-06-21 16:56:22";"2026-06-26 09:00:00";"2026-06-26 09:00:00";"已签收";"2026-07-01 14:43:55";"2026-06-22 07:42:35";;"165.00";"USD";"Новый HUAWEI Watch FIT 5 Black";"черный";;"4448221487";"WWFIT5GBL";"165.00";"USD";"10562.00";"RUB";"1";;;;"165.00";"0%";"0.00";;;
"55184322-0070";"55184322-0070-1";"2026-06-21 17:13:00";"2026-06-26 09:00:00";"2026-06-26 09:00:00";"已签收";"2026-07-02 14:05:29";"2026-06-22 07:46:00";;"17.60";"USD";"Новый HONOR CHOICE Earbuds X8 Black";"черный";;"4606445118";"EHEX8EBL";"17.60";"USD";"1315.00";"RUB";"1";;;;"17.60";"0%";"0.00";;;
"0124821942-0196";"0124821942-0196-1";"2026-06-21 17:41:41";"2026-06-26 09:00:00";"2026-06-26 09:00:00";"已签收";"2026-07-01 13:27:13";"2026-06-22 07:45:59";;"17.60";"USD";"Новый HONOR CHOICE Earbuds X8 Black";"черный";;"4606445118";"EHEX8EBL";"17.60";"USD";"1308.00";"RUB";"1";;;;"17.60";"0%";"0.00";;;
"05956391-0576";"05956391-0576-1";"2026-06-21 18:44:24";"2026-06-26 09:00:00";"2026-06-26 09:00:00";"已取消";;;"2026-06-21 18:48:16";"17.60";"USD";"Новый HONOR CHOICE Earbuds X8 White";"белый";;"4606441988";"EHEX8EWH";"17.60";"USD";"1293.00";"RUB";"1";;;;"17.60";"0%";"0.00";;;"包含在配送费用中"
"93844058-0119";"93844058-0119-1";"2026-06-21 18:48:36";"2026-06-26 09:00:00";"2026-06-26 09:00:00";"已签收";"2026-07-02 08:25:41";"2026-06-22 07:42:35";;"165.00";"USD";"Новый HUAWEI Watch FIT 5 Black";"черный";;"4448221487";"WWFIT5GBL";"165.00";"USD";"11038.00";"RUB";"1";;;;"165.00";"0%";"0.00";;;
"05956391-0577";"05956391-0577-1";"2026-06-21 18:50:50";"2026-06-26 09:00:00";"2026-06-26 09:00:00";"已签收";"2026-06-30 16:59:43";"2026-06-22 07:46:20";;"17.60";"USD";"Новый HONOR CHOICE Earbuds X8 White";"белый";;"4606441988";"EHEX8EWH";"17.60";"USD";"1293.00";"RUB";"1";;;;"17.60";"0%";"0.00";;;
"68198626-0146";"68198626-0146-1";"2026-06-21 19:24:25";"2026-06-26 09:00:00";"2026-06-26 09:00:00";"已签收";"2026-07-01 11:33:02";"2026-06-22 07:42:36";;"270.00";"USD";"Новый Garmin Edge 540 велокомпьютер с GPS(Standard Edition) 010-02694-04";"черный";;"2918882869";"WGMED540ECBL";"270.00";"USD";"16030.00";"RUB";"1";;;;"270.00";"0%";"0.00";;;
"48180961-0099";"48180961-0099-1";"2026-06-21 19:35:23";"2026-06-26 09:00:00";"2026-06-26 09:00:00";"已签收";"2026-07-02 08:55:06";"2026-06-22 07:45:59";;"170.00";"USD";"Новый HUAWEI FreeClip 2 Black";"черный";;"3668254141";"EWFC2GBL";"170.00";"USD";"9878.00";"RUB";"1";;;;"170.00";"0%";"0.00";;;
"42965454-0136";"42965454-0136-1";"2026-06-21 20:57:45";"2026-06-26 09:00:00";"2026-06-26 09:00:00";"已签收";"2026-06-30 14:29:34";"2026-06-22 07:46:08";;"17.60";"USD";"Новый HONOR CHOICE Earbuds X8 White";"белый";;"4606441988";"EHEX8EWH";"17.60";"USD";"1293.00";"RUB";"1";;;;"17.60";"0%";"0.00";;;
"47175617-0018";"47175617-0018-1";"2026-06-22 01:55:51";"2026-06-26 09:00:00";"2026-06-26 09:00:00";"已签收";"2026-07-07 08:48:48";"2026-06-23 09:23:18";;"255.00";"USD";"Новый HUAWEI Watch FIT 5 Pro Black";"черный";;"4448902531";"WWFIT5PGBL";"255.00";"USD";"16323.00";"RUB";"1";;;;"255.00";"0%";"0.00";;;
"02838640-0182";"02838640-0182-1";"2026-06-22 04:49:39";"2026-06-26 09:00:00";"2026-06-26 09:00:00";"已签收";"2026-06-30 13:42:09";"2026-06-23 02:32:30";;"528.00";"USD";"Новый realme GT 7 12/512GB Black";"черный";;"2090926586";"MRGT75GRE12512BL";"528.00";"USD";"33993.00";"RUB";"1";;;;"528.00";"0%";"0.00";;;
"47550689-0297";"47550689-0297-1";"2026-06-22 05:46:43";"2026-06-26 09:00:00";"2026-06-26 09:00:00";"已签收";"2026-07-02 17:22:29";"2026-06-23 09:22:51";;"10.90";"USD";"Новый HONOR CHOICE Earbuds X7 Play White";"белый";;"4634388090";"EHEX7PLEWH";"10.90";"USD";"801.00";"RUB";"1";;;;"10.90";"0%";"0.00";;;"包含在配送费用中"
"18196127-0234";"18196127-0234-1";"2026-06-22 06:02:53";"2026-06-26 09:00:00";"2026-06-26 09:00:00";"已签收";"2026-07-01 11:32:35";"2026-06-23 12:21:51";;"175.00";"USD";"Новый HUAWEI FreeClip 2 Black";"черный";;"3668254141";"EWFC2GBL";"175.00";"USD";"10169.00";"RUB";"1";;;;"175.00";"0%";"0.00";;;
"18196127-0234";"18196127-0234-2";"2026-06-22 06:02:53";"2026-06-26 09:00:00";"2026-06-26 09:00:00";"已签收";"2026-07-02 13:30:28";"2026-06-23 09:25:07";;"175.00";"USD";"Новый HUAWEI FreeClip 2 Black";"черный";;"3668254141";"EWFC2GBL";"175.00";"USD";"10169.00";"RUB";"1";;;;"175.00";"0%";"0.00";;;
"40232210-0937";"40232210-0937-1";"2026-06-22 07:54:33";"2026-06-26 09:00:00";"2026-06-26 09:00:00";"已取消";;;"2026-06-22 07:56:24";"175.00";"USD";"Новый HUAWEI FreeClip 2 White";"белый";;"3668262305";"EWFC2GWH";"175.00";"USD";"10169.00";"RUB";"1";;;;"175.00";"0%";"0.00";;;
"34808684-0078";"34808684-0078-1";"2026-06-22 08:23:04";"2026-06-27 23:00:00";"2026-06-27 23:00:00";"已签收";"2026-07-10 17:50:39";"2026-06-23 08:15:27";;"39.50";"USD";"Новый realme Watch 5 Silver";"серебристый";;"2753563860";"WRW5GSR2";"39.50";"USD";"2812.00";"RUB";"1";;;;"39.50";"0%";"0.00";;;
"44274859-0370";"44274859-0370-1";"2026-06-22 09:01:43";"2026-06-27 09:00:00";"2026-06-27 09:00:00";"已取消";;"2026-06-23 09:25:07";"2026-07-15 22:08:51";"17.60";"USD";"Новый HONOR CHOICE Earbuds X8 Black";"черный";;"4606445118";"EHEX8EBL";"17.60";"USD";"1308.00";"RUB";"1";;;;"17.60";"0%";"0.00";;;
"66028964-0168";"66028964-0168-1";"2026-06-22 10:20:06";"2026-06-27 09:00:00";"2026-06-27 09:00:00";"已签收";"2026-07-01 07:59:23";"2026-06-23 09:21:32";;"282.00";"USD";"Новый Garmin Edge 540 велокомпьютер с GPS(Standard Edition) 010-02694-04";"черный";;"2918882869";"WGMED540ECBL";"282.00";"USD";"16742.00";"RUB";"1";;;;"282.00";"0%";"0.00";;;
"0238055389-0019";"0238055389-0019-1";"2026-06-22 12:21:33";"2026-06-27 09:00:00";"2026-06-27 09:00:00";"已签收";"2026-07-01 12:59:32";"2026-06-23 09:22:34";;"17.60";"USD";"Новый HONOR CHOICE Earbuds X8 Black";"черный";;"4606445118";"EHEX8EBL";"17.60";"USD";"1315.00";"RUB";"1";;;;"17.60";"0%";"0.00";;;
"0157910765-0060";"0157910765-0060-1";"2026-06-22 13:58:43";"2026-06-27 23:00:00";"2026-06-27 23:00:00";"已签收";"2026-07-21 18:57:50";"2026-06-23 08:12:54";;"195.00";"USD";"Новый Lenovo Xiaoxin Pad Pro 12.7 2025 8/128GB Grey";"серый металлик";;"2162602600";"DLP12725WFCU8128GR";"195.00";"USD";"14392.00";"RUB";"1";;;;"195.00";"0%";"0.00";;;
"91883704-0180";"91883704-0180-2";"2026-06-22 14:23:03";"2026-06-27 09:00:00";"2026-06-27 09:00:00";"已取消";;;"2026-06-22 16:44:00";"255.00";"USD";"Новый HUAWEI Watch FIT 5 Pro Black";"черный";;"4448902531";"WWFIT5PGBL";"255.00";"USD";"17058.00";"RUB";"1";;;;"255.00";"0%";"0.00";;;
"38789730-0123";"38789730-0123-1";"2026-06-22 14:50:05";"2026-06-27 09:00:00";"2026-06-27 09:00:00";"已签收";"2026-07-03 16:00:37";"2026-06-23 09:21:32";;"175.00";"USD";"Новый HUAWEI FreeClip 2 White";"белый";;"3668262305";"EWFC2GWH";"175.00";"USD";"10976.00";"RUB";"1";;;;"175.00";"0%";"0.00";;;
"50703887-1220";"50703887-1220-1";"2026-06-22 15:37:37";"2026-06-27 09:00:00";"2026-06-27 09:00:00";"已签收";"2026-06-30 18:26:20";"2026-06-23 09:23:18";;"175.00";"USD";"Новый HUAWEI FreeClip 2 White";"белый";;"3668262305";"EWFC2GWH";"175.00";"USD";"10169.00";"RUB";"1";;;;"175.00";"0%";"0.00";;;
"16214576-0460";"16214576-0460-1";"2026-06-22 16:07:48";"2026-06-27 09:00:00";"2026-06-27 09:00:00";"已签收";"2026-06-30 11:40:51";"2026-06-23 09:23:18";;"282.00";"USD";"Новый Garmin Edge 540 велокомпьютер с GPS(Standard Edition) 010-02694-04";"черный";;"2918882869";"WGMED540ECBL";"282.00";"USD";"16742.00";"RUB";"1";;;;"282.00";"0%";"0.00";;;
"31502251-0873";"31502251-0873-1";"2026-06-22 16:22:23";"2026-06-27 09:00:00";"2026-06-27 09:00:00";"已签收";"2026-07-03 17:08:34";"2026-06-23 09:22:41";;"282.00";"USD";"Новый Garmin Edge 540 велокомпьютер с GPS(Standard Edition) 010-02694-04";"черный";;"2918882869";"WGMED540ECBL";"282.00";"USD";"16742.00";"RUB";"1";;;;"282.00";"0%";"0.00";;;
"20029832-0422";"20029832-0422-1";"2026-06-22 16:41:32";"2026-06-27 09:00:00";"2026-06-27 09:00:00";"已签收";"2026-07-01 15:57:03";"2026-06-23 04:44:18";;"17.60";"USD";"Новый HONOR CHOICE Earbuds X8 White";"белый";;"4606441988";"EHEX8EWH";"17.60";"USD";"1208.00";"RUB";"1";;;;"17.60";"0%";"0.00";;;
"38309840-0147";"38309840-0147-1";"2026-06-23 03:27:43";"2026-06-27 09:00:00";"2026-06-27 09:00:00";"已签收";"2026-07-08 13:25:26";"2026-06-24 07:23:32";;"170.00";"USD";"Новый HUAWEI Watch FIT 5 White";"белый";;"4448233307";"WWFIT5GWH";"170.00";"USD";"10930.00";"RUB";"1";;;;"170.00";"0%";"0.00";;;
"84770758-0060";"84770758-0060-1";"2026-06-23 03:31:33";"2026-06-28 23:00:00";"2026-06-28 23:00:00";"已签收";"2026-07-14 15:03:47";"2026-06-25 08:33:39";;"247.00";"USD";"Новый Garmin Vivoactive 6 Black";"черный";;"2442077136";"WGMVVAT6KBL";"247.00";"USD";"16156.00";"RUB";"1";;;;"247.00";"0%";"0.00";;;
"95382340-0167";"95382340-0167-1";"2026-06-23 04:34:14";"2026-06-27 09:00:00";"2026-06-27 09:00:00";"已签收";"2026-07-06 16:37:43";"2026-06-24 07:25:48";;"282.00";"USD";"Новый Garmin Edge 540 велокомпьютер с GPS(Standard Edition) 010-02694-04";"черный";;"2918882869";"WGMED540ECBL";"282.00";"USD";"16817.00";"RUB";"1";;;;"282.00";"0%";"0.00";;;
"11359890-0279";"11359890-0279-1";"2026-06-23 04:44:03";"2026-06-27 09:00:00";"2026-06-27 09:00:00";"已签收";"2026-07-13 17:44:16";"2026-06-24 02:53:53";;"300.00";"USD";"Новый OPPO Watch X3 Gery";"серебристый";;"4243562678";"WOPWTHX3GGR";"300.00";"USD";"19289.00";"RUB";"1";;;;"300.00";"0%";"0.00";;;
"0134162109-0171";"0134162109-0171-1";"2026-06-23 05:16:17";"2026-06-27 09:00:00";"2026-06-27 09:00:00";"已签收";"2026-07-07 16:16:40";"2026-06-24 07:23:38";;"199.00";"USD";"Новый HUAWEI WATCH GT 6 46mm Black Fluoroelastomer Strap";"черный";;"3075996858";"WWGT6SA46BL";"199.00";"USD";"12795.00";"RUB";"1";;;;"199.00";"0%";"0.00";;;
"03061286-0431";"03061286-0431-1";"2026-06-23 05:37:19";"2026-06-27 09:00:00";"2026-06-27 09:00:00";"已签收";"2026-07-06 09:34:00";"2026-06-24 07:29:01";;"17.60";"USD";"Новый HONOR CHOICE Earbuds X8 Black";"черный";;"4606445118";"EHEX8EBL";"17.60";"USD";"1314.00";"RUB";"1";;;;"17.60";"0%";"0.00";;;
"09943921-1524";"09943921-1524-1";"2026-06-23 05:44:58";"2026-06-27 09:00:00";"2026-06-27 09:00:00";"已签收";"2026-07-08 18:53:26";"2026-06-24 07:24:25";;"30.40";"USD";"Новый HONOR CHOICE Earbuds X7 Pro Gery";"черно-серый";;"4633712503";"EHEX7PREGR";"30.40";"USD";"2250.00";"RUB";"1";;;;"30.40";"0%";"0.00";;;
"84258911-0779";"84258911-0779-1";"2026-06-23 06:11:25";"2026-06-27 09:00:00";"2026-06-27 09:00:00";"已签收";"2026-07-06 13:31:31";"2026-06-24 07:25:28";;"199.00";"USD";"Новый HUAWEI WATCH GT 6 46mm Black Fluoroelastomer Strap";"черный";;"3075996858";"WWGT6SA46BL";"199.00";"USD";"12795.00";"RUB";"1";;;;"199.00";"0%";"0.00";;;
"26306382-0376";"26306382-0376-1";"2026-06-23 06:53:41";"2026-06-27 09:00:00";"2026-06-27 09:00:00";"已签收";"2026-07-07 09:37:28";"2026-06-24 07:24:36";;"282.00";"USD";"Новый Garmin Edge 540 велокомпьютер с GPS(Standard Edition) 010-02694-04";"черный";;"2918882869";"WGMED540ECBL";"282.00";"USD";"16817.00";"RUB";"1";;;;"282.00";"0%";"0.00";;;
"39266836-0190";"39266836-0190-1";"2026-06-23 07:43:33";"2026-06-27 09:00:00";"2026-06-27 09:00:00";"已签收";"2026-07-09 11:30:51";"2026-06-24 07:26:21";;"10.90";"USD";"Новый HONOR CHOICE Earbuds X7 Play White";"белый";;"4634388090";"EHEX7PLEWH";"10.90";"USD";"804.00";"RUB";"1";;;;"10.90";"0%";"0.00";;;
"90882859-0024";"90882859-0024-1";"2026-06-23 08:44:18";"2026-06-27 09:00:00";"2026-06-27 09:00:00";"已签收";"2026-07-11 03:36:53";"2026-06-24 07:25:33";;"178.00";"USD";"Новый HUAWEI FreeClip 2 Black";"черный";;"3668254141";"EWFC2GBL";"178.00";"USD";"10389.00";"RUB";"1";;;;"178.00";"0%";"0.00";;;
"0207134224-0036";"0207134224-0036-1";"2026-06-23 08:48:35";"2026-06-27 09:00:00";"2026-06-27 09:00:00";"已签收";"2026-07-06 14:51:05";"2026-06-24 07:29:44";;"17.60";"USD";"Новый HONOR CHOICE Earbuds X8 Black";"черный";;"4606445118";"EHEX8EBL";"17.60";"USD";"1320.00";"RUB";"1";;;;"17.60";"0%";"0.00";;;
"52507495-0257";"52507495-0257-1";"2026-06-23 10:24:36";"2026-06-28 09:00:00";"2026-06-28 09:00:00";"已签收";"2026-07-08 14:36:35";"2026-06-24 07:29:01";;"178.00";"USD";"Новый HUAWEI FreeClip 2 White";"белый";;"3668262305";"EWFC2GWH";"178.00";"USD";"10389.00";"RUB";"1";;;;"178.00";"0%";"0.00";;;
"46205505-0072";"46205505-0072-3";"2026-06-23 10:27:18";"2026-06-28 09:00:00";"2026-06-28 09:00:00";"已签收";"2026-07-09 11:37:08";"2026-06-24 07:29:31";;"17.60";"USD";"Новый HONOR CHOICE Earbuds X8 White";"белый";;"4606441988";"EHEX8EWH";"17.60";"USD";"1281.93";"RUB";"1";;;;"17.60";"0%";"0.00";;;
"0121783925-0163";"0121783925-0163-1";"2026-06-23 11:21:49";"2026-06-28 09:00:00";"2026-06-28 09:00:00";"已签收";"2026-07-16 10:30:31";"2026-06-24 07:29:01";;"178.00";"USD";"Новый HUAWEI FreeClip 2 White";"белый";;"3668262305";"EWFC2GWH";"178.00";"USD";"10389.00";"RUB";"1";;;;"178.00";"0%";"0.00";;;
"0134645906-0130";"0134645906-0130-1";"2026-06-23 11:49:39";"2026-06-28 09:00:00";"2026-06-28 09:00:00";"已签收";"2026-07-07 16:06:13";"2026-06-24 07:29:40";;"17.60";"USD";"Новый HONOR CHOICE Earbuds X8 Black";"черный";;"4606445118";"EHEX8EBL";"17.60";"USD";"1314.00";"RUB";"1";;;;"17.60";"0%";"0.00";;;
"05478776-0388";"05478776-0388-1";"2026-06-23 11:54:22";"2026-06-28 09:00:00";"2026-06-28 09:00:00";"已签收";"2026-07-08 09:39:29";"2026-06-24 07:25:48";;"170.00";"USD";"Новый HUAWEI FreeBuds Pro 5 Gery";"черно-серый";;"4446802444";"EWFBP5GGR";"170.00";"USD";"10615.00";"RUB";"1";;;;"170.00";"0%";"0.00";;;
"51216501-0145";"51216501-0145-2";"2026-06-23 11:59:41";"2026-06-28 09:00:00";"2026-06-28 09:00:00";"已签收";"2026-07-14 06:01:20";"2026-06-24 07:29:31";;"178.00";"USD";"Новый HUAWEI FreeClip 2 White";"белый";;"3668262305";"EWFC2GWH";"178.00";"USD";"10389.00";"RUB";"1";;;;"178.00";"0%";"0.00";;;
"12666431-0244";"12666431-0244-1";"2026-06-23 14:20:53";"2026-06-28 09:00:00";"2026-06-28 09:00:00";"已签收";"2026-07-08 12:02:57";"2026-06-24 02:53:56";;"528.00";"USD";"Новый realme GT 7 12/512GB Black";"черный";;"2090926586";"MRGT75GRE12512BL";"528.00";"USD";"34144.00";"RUB";"1";;;;"528.00";"0%";"0.00";;;
"23462197-0511";"23462197-0511-1";"2026-06-23 14:31:52";"2026-06-28 09:00:00";"2026-06-28 09:00:00";"已签收";"2026-07-06 14:03:02";"2026-06-24 07:29:01";;"178.00";"USD";"Новый HUAWEI FreeClip 2 White";"белый";;"3668262305";"EWFC2GWH";"178.00";"USD";"11214.00";"RUB";"1";;;;"178.00";"0%";"0.00";;;
"0196867950-0516";"0196867950-0516-1";"2026-06-23 15:04:41";"2026-06-28 09:00:00";"2026-06-28 09:00:00";"已签收";"2026-07-09 07:42:31";"2026-06-24 07:29:01";;"178.00";"USD";"Новый HUAWEI FreeClip 2 White";"белый";;"3668262305";"EWFC2GWH";"178.00";"USD";"10387.40";"RUB";"1";;;;"178.00";"0%";"0.00";;;
"56428513-0688";"56428513-0688-1";"2026-06-23 15:43:14";"2026-06-28 09:00:00";"2026-06-28 09:00:00";"已签收";"2026-07-06 14:20:48";"2026-06-24 07:25:19";;"178.00";"USD";"Новый HUAWEI FreeClip 2 Black";"черный";;"3668254141";"EWFC2GBL";"178.00";"USD";"10468.00";"RUB";"1";;;;"178.00";"0%";"0.00";;;
"08672836-0063";"08672836-0063-1";"2026-06-23 15:55:59";"2026-06-28 09:00:00";"2026-06-28 09:00:00";"已签收";"2026-07-06 12:53:25";"2026-06-24 07:23:42";;"30.40";"USD";"Новый HONOR CHOICE Earbuds X7 Pro Gery";"черно-серый";;"4633712503";"EHEX7PREGR";"30.40";"USD";"2254.00";"RUB";"1";;;;"30.40";"0%";"0.00";;;
"08472921-0454";"08472921-0454-1";"2026-06-23 16:15:11";"2026-06-28 09:00:00";"2026-06-28 09:00:00";"已签收";"2026-07-06 16:00:30";"2026-06-24 07:25:27";;"282.00";"USD";"Новый Garmin Edge 540 велокомпьютер с GPS(Standard Edition) 010-02694-04";"черный";;"2918882869";"WGMED540ECBL";"282.00";"USD";"16859.00";"RUB";"1";;;;"282.00";"0%";"0.00";;;
"23470136-0339";"23470136-0339-2";"2026-06-23 17:04:15";"2026-06-28 09:00:00";"2026-06-28 09:00:00";"已签收";"2026-07-06 16:30:34";"2026-06-24 07:25:44";;"178.00";"USD";"Новый HUAWEI FreeClip 2 Black";"черный";;"3668254141";"EWFC2GBL";"178.00";"USD";"10468.00";"RUB";"1";;;;"178.00";"0%";"0.00";;;
"67292965-0516";"67292965-0516-1";"2026-06-23 17:09:02";"2026-06-28 09:00:00";"2026-06-28 09:00:00";"已签收";"2026-07-06 14:14:38";"2026-06-24 07:26:27";;"170.00";"USD";"Новый HUAWEI FreeBuds Pro 5 White";"белый";;"4446808733";"EWFBP5GWH";"170.00";"USD";"11259.00";"RUB";"1";;;;"170.00";"0%";"0.00";;;
"0205602350-0054";"0205602350-0054-1";"2026-06-23 17:21:05";"2026-06-28 09:00:00";"2026-06-28 09:00:00";"已签收";"2026-07-09 14:52:15";"2026-06-24 07:24:25";;"178.00";"USD";"Новый HUAWEI FreeClip 2 Black";"черный";;"3668254141";"EWFC2GBL";"178.00";"USD";"10468.00";"RUB";"1";;;;"178.00";"0%";"0.00";;;
"08281742-0032";"08281742-0032-1";"2026-06-23 17:39:41";"2026-06-28 09:00:00";"2026-06-28 09:00:00";"已签收";"2026-07-08 07:18:46";"2026-06-24 07:24:25";;"170.00";"USD";"Новый HUAWEI Watch FIT 5 White";"белый";;"4448233307";"WWFIT5GWH";"170.00";"USD";"11006.00";"RUB";"1";;;;"170.00";"0%";"0.00";;;
"29273691-0226";"29273691-0226-1";"2026-06-23 18:15:50";"2026-06-28 09:00:00";"2026-06-28 09:00:00";"已签收";"2026-07-08 16:52:46";"2026-06-24 07:25:33";;"165.00";"USD";"Новый HUAWEI Watch FIT 5 Black";"черный";;"4448221487";"WWFIT5GBL";"165.00";"USD";"10682.00";"RUB";"1";;;;"165.00";"0%";"0.00";;;
"0205485134-0012";"0205485134-0012-1";"2026-06-23 18:49:44";"2026-06-28 09:00:00";"2026-06-28 09:00:00";"已签收";"2026-07-08 09:45:50";"2026-06-24 07:29:01";;"178.00";"USD";"Новый HUAWEI FreeClip 2 White";"белый";;"3668262305";"EWFC2GWH";"178.00";"USD";"10468.00";"RUB";"1";;;;"178.00";"0%";"0.00";;;
"32392028-0261";"32392028-0261-1";"2026-06-23 18:56:03";"2026-06-28 09:00:00";"2026-06-28 09:00:00";"已签收";"2026-07-08 17:18:06";"2026-06-24 07:29:01";;"17.60";"USD";"Новый HONOR CHOICE Earbuds X8 White";"белый";;"4606441988";"EHEX8EWH";"17.60";"USD";"1300.00";"RUB";"1";;;;"17.60";"0%";"0.00";;;
"55555227-0156";"55555227-0156-1";"2026-06-24 04:24:32";"2026-06-28 09:00:00";"2026-06-28 09:00:00";"已签收";"2026-07-08 15:22:25";"2026-06-25 08:35:01";;"17.60";"USD";"Новый HONOR CHOICE Earbuds X8 Black";"черный";;"4606445118";"EHEX8EBL";"17.60";"USD";"133.10";"RUB";"1";;;;"17.60";"0%";"0.00";;;
"34218885-0394";"34218885-0394-1";"2026-06-24 06:40:09";"2026-06-28 09:00:00";"2026-06-28 09:00:00";"已签收";"2026-07-09 06:16:00";"2026-06-25 08:34:50";;"17.60";"USD";"Новый HONOR CHOICE Earbuds X8 Black";"черный";;"4606445118";"EHEX8EBL";"17.60";"USD";"1331.00";"RUB";"1";;;;"17.60";"0%";"0.00";;;
"0161473299-0097";"0161473299-0097-1";"2026-06-24 08:11:27";"2026-06-28 09:00:00";"2026-06-28 09:00:00";"已取消";;"2026-06-25 08:35:28";"2026-07-08 13:31:09";"185.00";"USD";"Новый HUAWEI FreeClip 2 White";"белый";;"3668262305";"EWFC2GWH";"185.00";"USD";"11006.00";"RUB";"1";;;;"185.00";"0%";"0.00";;;
"38195325-0327";"38195325-0327-1";"2026-06-24 08:54:36";"2026-06-28 09:00:00";"2026-06-28 09:00:00";"已签收";"2026-07-07 15:41:47";"2026-06-25 08:35:28";;"17.60";"USD";"Новый HONOR CHOICE Earbuds X8 Black";"черный";;"4606445118";"EHEX8EBL";"17.60";"USD";"1331.00";"RUB";"1";;;;"17.60";"0%";"0.00";;;
"95230571-0062";"95230571-0062-1";"2026-06-24 14:22:27";"2026-06-29 09:00:00";"2026-06-29 09:00:00";"已签收";"2026-07-07 16:27:49";"2026-06-25 08:35:00";;"165.00";"USD";"Новый HUAWEI Watch FIT 5 Black";"черный";;"4448221487";"WWFIT5GBL";"165.00";"USD";"10806.00";"RUB";"1";;;;"165.00";"0%";"0.00";;;
"33902446-0668";"33902446-0668-1";"2026-06-24 18:59:52";"2026-06-29 09:00:00";"2026-06-29 09:00:00";"已签收";"2026-07-06 18:15:56";"2026-06-25 08:34:22";;"260.00";"USD";"Новый HUAWEI Watch FIT 5 Pro White";"белый";;"4448907078";"WWFIT5PGWH";"260.00";"USD";"17028.00";"RUB";"1";;;;"260.00";"0%";"0.00";;;
"97771878-0199";"97771878-0199-1";"2026-06-24 19:23:27";"2026-06-29 09:00:00";"2026-06-29 09:00:00";"已签收";"2026-07-07 17:24:56";"2026-06-25 02:08:13";;"335.00";"USD";"Новый realme Pad 3 8/256GB Gery";"темно-серый";;"4276994184";"DRPD3WFGU8256GR";"335.00";"USD";"22065.00";"RUB";"1";;;;"335.00";"0%";"0.00";;;
"58317542-0415";"58317542-0415-1";"2026-06-25 06:43:19";"2026-06-29 09:00:00";"2026-06-29 09:00:00";"已签收";"2026-07-06 16:50:34";"2026-06-26 08:39:15";;"260.00";"USD";"Новый HUAWEI Watch FIT 5 Pro White";"белый";;"4448907078";"WWFIT5PGWH";"260.00";"USD";"17063.00";"RUB";"1";;;;"260.00";"0%";"0.00";;;
"36654107-0302";"36654107-0302-1";"2026-06-25 07:20:30";"2026-06-29 09:00:00";"2026-06-29 09:00:00";"已签收";"2026-07-07 13:05:17";"2026-06-26 08:39:17";;"282.00";"USD";"Новый Garmin Edge 540 велокомпьютер с GPS(Standard Edition) 010-02694-04";"черный";;"2918882869";"WGMED540ECBL";"282.00";"USD";"17089.00";"RUB";"1";;;;"282.00";"0%";"0.00";;;
"55884844-0126";"55884844-0126-1";"2026-06-25 08:31:16";"2026-06-29 09:00:00";"2026-06-29 09:00:00";"已签收";"2026-07-06 16:52:48";"2026-06-26 08:39:00";;"170.00";"USD";"Новый HUAWEI Watch FIT 5 White";"белый";;"4448233307";"WWFIT5GWH";"170.00";"USD";"11156.00";"RUB";"1";;;;"170.00";"0%";"0.00";;;
"84012664-0295";"84012664-0295-1";"2026-06-25 09:17:37";"2026-06-30 09:00:00";"2026-06-30 09:00:00";"已签收";"2026-07-06 10:14:36";"2026-06-26 08:39:10";;"17.60";"USD";"Новый HONOR CHOICE Earbuds X8 Black";"черный";;"4606445118";"EHEX8EBL";"17.60";"USD";"1333.00";"RUB";"1";;;;"17.60";"0%";"0.00";;;
"38623443-0394";"38623443-0394-1";"2026-06-25 09:39:19";"2026-06-30 09:00:00";"2026-06-30 09:00:00";"已取消";;;"2026-06-25 14:17:00";"17.60";"USD";"Новый HONOR CHOICE Earbuds X8 White";"белый";;"4606441988";"EHEX8EWH";"17.60";"USD";"1318.00";"RUB";"1";;;;"17.60";"0%";"0.00";;;
"31936605-0721";"31936605-0721-1";"2026-06-25 10:55:16";"2026-06-30 09:00:00";"2026-06-30 09:00:00";"已签收";"2026-07-09 16:50:44";"2026-06-26 08:39:48";;"17.60";"USD";"Новый HONOR CHOICE Earbuds X8 Black";"черный";;"4606445118";"EHEX8EBL";"17.60";"USD";"1333.00";"RUB";"1";;;;"17.60";"0%";"0.00";;;
"83677553-0446";"83677553-0446-1";"2026-06-25 12:15:24";"2026-06-30 09:00:00";"2026-06-30 09:00:00";"已签收";"2026-07-07 13:17:46";"2026-06-26 08:39:47";;"250.00";"USD";"Новый HUAWEI Watch FIT 5 Pro Black";"черный";;"4448902531";"WWFIT5PGBL";"250.00";"USD";"16407.00";"RUB";"1";;;;"250.00";"0%";"0.00";;;
"0205409411-0029";"0205409411-0029-1";"2026-06-25 12:48:02";"2026-06-30 09:00:00";"2026-06-30 09:00:00";"已取消";;;"2026-06-25 13:34:19";"185.00";"USD";"Новый HUAWEI FreeClip 2 White";"белый";;"3668262305";"EWFC2GWH";"185.00";"USD";"11029.00";"RUB";"1";;;;"185.00";"0%";"0.00";;;
"38623443-0396";"38623443-0396-1";"2026-06-25 14:24:46";"2026-06-30 09:00:00";"2026-06-30 09:00:00";"已签收";"2026-07-06 14:59:26";"2026-06-26 08:37:36";;"17.60";"USD";"Новый HONOR CHOICE Earbuds X8 White";"белый";;"4606441988";"EHEX8EWH";"17.60";"USD";"1318.00";"RUB";"1";;;;"17.60";"0%";"0.00";;;
"36641346-0723";"36641346-0723-7";"2026-06-25 15:08:36";"2026-06-30 09:00:00";"2026-06-30 09:00:00";"已签收";"2026-07-06 15:59:51";"2026-06-26 08:37:06";;"185.00";"USD";"Новый HUAWEI FreeClip 2 White";"белый";;"3668262305";"EWFC2GWH";"185.00";"USD";"10945.34";"RUB";"1";;;;"185.00";"0%";"0.00";;;
"39293738-0480";"39293738-0480-1";"2026-06-25 16:33:05";"2026-06-30 09:00:00";"2026-06-30 09:00:00";"已签收";"2026-07-06 16:18:21";"2026-06-26 08:39:52";;"250.00";"USD";"Новый HUAWEI Watch FIT 5 Pro Black";"черный";;"4448902531";"WWFIT5PGBL";"250.00";"USD";"16533.00";"RUB";"1";;;;"250.00";"0%";"0.00";;;
"99631920-0084";"99631920-0084-1";"2026-06-25 20:42:57";"2026-06-30 09:00:00";"2026-06-30 09:00:00";"已签收";"2026-07-08 06:02:43";"2026-06-26 08:40:33";;"250.00";"USD";"Новый HUAWEI Watch FIT 5 Pro Black";"черный";;"4448902531";"WWFIT5PGBL";"250.00";"USD";"16533.00";"RUB";"1";;;;"250.00";"0%";"0.00";;;
"00348522-0062";"00348522-0062-1";"2026-06-25 22:52:02";"2026-06-30 09:00:00";"2026-06-30 09:00:00";"已签收";"2026-07-07 16:42:49";"2026-06-26 08:39:10";;"185.00";"USD";"Новый HUAWEI FreeClip 2 White";"белый";;"3668262305";"EWFC2GWH";"185.00";"USD";"11250.00";"RUB";"1";;;;"185.00";"0%";"0.00";;;
"31594768-0037";"31594768-0037-1";"2026-06-26 04:48:52";"2026-06-30 09:00:00";"2026-06-30 09:00:00";"已签收";"2026-07-09 08:09:01";"2026-06-27 08:06:06";;"185.00";"USD";"Новый HUAWEI FreeClip 2 White";"белый";;"3668262305";"EWFC2GWH";"185.00";"USD";"12094.00";"RUB";"1";;;;"185.00";"0%";"0.00";;;
"94017755-0053";"94017755-0053-1";"2026-06-26 07:11:46";"2026-06-30 09:00:00";"2026-06-30 09:00:00";"已签收";"2026-07-10 10:22:27";"2026-06-27 08:51:58";;"17.60";"USD";"Новый HONOR CHOICE Earbuds X8 Black";"черный";;"4606445118";"EHEX8EBL";"17.60";"USD";"1333.00";"RUB";"1";;;;"17.60";"0%";"0.00";;;
"81363337-0952";"81363337-0952-1";"2026-06-26 07:15:10";"2026-06-30 09:00:00";"2026-06-30 09:00:00";"已签收";"2026-07-08 10:03:08";"2026-06-27 08:06:06";;"18.20";"USD";"Новый HONOR CHOICE Earbuds X8 Black";"черный";;"4606445118";"EHEX8EBL";"18.20";"USD";"1394.00";"RUB";"1";;;;"18.20";"0%";"0.00";;;
"74356960-0002";"74356960-0002-1";"2026-06-26 08:29:22";"2026-06-30 09:00:00";"2026-06-30 09:00:00";"已签收";"2026-07-08 15:50:21";"2026-06-27 08:06:57";;"250.00";"USD";"Новый HUAWEI Watch FIT 5 Pro Black";"черный";;"4448902531";"WWFIT5PGBL";"250.00";"USD";"16723.00";"RUB";"1";;;;"250.00";"0%";"0.00";;;
"05030048-0482";"05030048-0482-1";"2026-06-26 10:16:01";"2026-07-02 09:00:00";"2026-07-02 09:00:00";"已签收";"2026-07-08 12:25:21";"2026-06-27 08:06:57";;"30.40";"USD";"Новый HONOR CHOICE Earbuds X7 Pro Gery";"черно-серый";;"4633712503";"EHEX7PREGR";"30.40";"USD";"2244.00";"RUB";"1";;;;"30.40";"0%";"0.00";;;
"55563244-0281";"55563244-0281-1";"2026-06-26 10:50:37";"2026-07-02 09:00:00";"2026-07-02 09:00:00";"已签收";"2026-07-12 13:04:55";"2026-06-27 08:06:26";;"250.00";"USD";"Новый HUAWEI Watch FIT 5 Pro Black";"черный";;"4448902531";"WWFIT5PGBL";"250.00";"USD";"16723.00";"RUB";"1";;;;"250.00";"0%";"0.00";;;
"0165852645-0273";"0165852645-0273-1";"2026-06-26 11:04:04";"2026-07-02 09:00:00";"2026-07-02 09:00:00";"已签收";"2026-07-13 07:50:13";"2026-06-27 08:06:26";;"260.00";"USD";"Новый HUAWEI Watch FIT 5 Pro White";"белый";;"4448907078";"WWFIT5PGWH";"260.00";"USD";"17392.00";"RUB";"1";;;;"260.00";"0%";"0.00";;;
"0120733732-0112";"0120733732-0112-1";"2026-06-26 12:56:14";"2026-07-02 09:00:00";"2026-07-02 09:00:00";"已签收";"2026-07-12 08:56:55";"2026-06-27 08:06:26";;"30.40";"USD";"Новый HONOR CHOICE Earbuds X7 Pro Gery";"черно-серый";;"4633712503";"EHEX7PREGR";"30.40";"USD";"2244.00";"RUB";"1";;;;"30.40";"0%";"0.00";;;
"72544310-0182";"72544310-0182-1";"2026-06-26 13:38:12";"2026-07-02 09:00:00";"2026-07-02 09:00:00";"已签收";"2026-07-07 14:48:15";"2026-06-27 08:51:58";;"165.00";"USD";"Новый HUAWEI Watch FIT 5 Black";"черный";;"4448221487";"WWFIT5GBL";"165.00";"USD";"11037.00";"RUB";"1";;;;"165.00";"0%";"0.00";;;
"51946310-0070";"51946310-0070-1";"2026-06-26 15:45:12";"2026-07-02 09:00:00";"2026-07-02 09:00:00";"已取消";;"2026-06-27 08:10:21";"2026-07-07 19:21:56";"282.00";"USD";"Новый Garmin Edge 540 велокомпьютер с GPS(Standard Edition) 010-02694-04";"черный";;"2918882869";"WGMED540ECBL";"282.00";"USD";"17236.00";"RUB";"1";;;;"282.00";"0%";"0.00";;;
"0121088285-0359";"0121088285-0359-2";"2026-06-26 17:59:38";"2026-07-01 23:00:00";"2026-07-01 23:00:00";"已签收";"2026-07-11 09:09:09";"2026-06-27 05:10:26";;"50.00";"USD";"Новый Edifier W820NB Plus(2025 Version) Grey";"черно-серый";;"3076089960";"EEW820P25EGR";"50.00";"USD";"3650.00";"RUB";"1";;;;"50.00";"0%";"0.00";;;
"25378258-0314";"25378258-0314-1";"2026-06-26 22:13:42";"2026-07-02 09:00:00";"2026-07-02 09:00:00";"已签收";"2026-07-09 12:19:31";"2026-06-27 08:06:32";;"165.00";"USD";"Новый HUAWEI Watch FIT 5 Black";"черный";;"4448221487";"WWFIT5GBL";"165.00";"USD";"11245.00";"RUB";"1";;;;"165.00";"0%";"0.00";;;
"0210897454-0033";"0210897454-0033-1";"2026-06-27 03:11:51";"2026-07-02 23:00:00";"2026-07-02 23:00:00";"已签收";"2026-07-11 10:29:19";"2026-06-27 05:11:57";;"248.00";"USD";"Новый HUAWEI WATCH D2 Black";"черный";;"3071371250";"WWWD2GBL";"248.00";"USD";"16902.00";"RUB";"1";;;;"248.00";"0%";"0.00";;;
"99201952-0332";"99201952-0332-1";"2026-06-27 05:46:52";"2026-07-02 09:00:00";"2026-07-02 09:00:00";"已签收";"2026-07-09 16:39:08";"2026-06-29 08:46:22";;"10.00";"USD";"Новый HONOR CHOICE Earbuds X7 Lite White";"белый";;"4634766526";"EHEX7LTEWH";"10.00";"USD";"771.00";"RUB";"1";;;;"10.00";"0%";"0.00";;;
"11074924-0495";"11074924-0495-1";"2026-06-27 06:31:22";"2026-07-02 09:00:00";"2026-07-02 09:00:00";"已签收";"2026-07-08 09:30:38";"2026-06-29 09:21:42";;"282.00";"USD";"Новый Garmin Edge 540 велокомпьютер с GPS(Standard Edition) 010-02694-04";"черный";;"2918882869";"WGMED540ECBL";"282.00";"USD";"17562.00";"RUB";"1";;;;"282.00";"0%";"0.00";;;
"99722949-0130";"99722949-0130-1";"2026-06-27 08:54:57";"2026-07-02 09:00:00";"2026-07-02 09:00:00";"已签收";"2026-07-11 11:38:42";"2026-06-29 08:38:46";;"30.40";"USD";"Новый HONOR CHOICE Earbuds X7 Pro Gery";"черно-серый";;"4633712503";"EHEX7PREGR";"30.40";"USD";"2287.00";"RUB";"1";;;;"30.40";"0%";"0.00";;;
"65544345-0552";"65544345-0552-1";"2026-06-27 12:42:57";"2026-07-03 09:00:00";"2026-07-03 09:00:00";"已签收";"2026-07-07 16:20:18";"2026-06-29 08:44:44";;"30.40";"USD";"Новый HONOR CHOICE Earbuds X7 Pro Gery";"черно-серый";;"4633712503";"EHEX7PREGR";"30.40";"USD";"2287.00";"RUB";"1";;;;"30.40";"0%";"0.00";;;
"50459302-0054";"50459302-0054-1";"2026-06-27 14:29:34";"2026-07-03 09:00:00";"2026-07-03 09:00:00";"已签收";"2026-07-08 15:30:23";"2026-06-29 08:36:50";;"30.40";"USD";"Новый HONOR CHOICE Earbuds X7 Pro Gery";"черно-серый";;"4633712503";"EHEX7PREGR";"30.40";"USD";"2287.00";"RUB";"1";;;;"30.40";"0%";"0.00";;;
"73856963-0254";"73856963-0254-4";"2026-06-27 14:58:02";"2026-07-03 09:00:00";"2026-07-03 09:00:00";"已签收";"2026-07-07 09:26:47";"2026-06-29 08:45:44";;"250.00";"USD";"Новый HUAWEI Watch FIT 5 Pro Black";"черный";;"4448902531";"WWFIT5PGBL";"250.00";"USD";"17038.00";"RUB";"1";;;;"250.00";"0%";"0.00";;;
"29661428-0099";"29661428-0099-1";"2026-06-27 15:12:02";"2026-07-03 09:00:00";"2026-07-03 09:00:00";"已签收";"2026-07-18 13:40:47";"2026-07-02 06:35:23";;"400.00";"USD";"Новый Garmin Forerunner 170 Black";"черный";;"4698059412";"WGMF170KBL";"400.00";"USD";"27261.00";"RUB";"1";;;;"400.00";"0%";"0.00";;;
"16281112-1129";"16281112-1129-1";"2026-06-27 15:52:42";"2026-07-03 09:00:00";"2026-07-03 09:00:00";"已签收";"2026-07-09 13:12:01";"2026-06-29 09:21:42";;"282.00";"USD";"Новый Garmin Edge 540 велокомпьютер с GPS(Standard Edition) 010-02694-04";"черный";;"2918882869";"WGMED540ECBL";"282.00";"USD";"17544.00";"RUB";"1";;;;"282.00";"0%";"0.00";;;
"45413902-0249";"45413902-0249-1";"2026-06-27 18:22:28";"2026-07-02 23:00:00";"2026-07-02 23:00:00";"已签收";"2026-07-15 14:50:07";"2026-06-29 08:20:24";;"250.00";"USD";"Новый SONY WH-1000XM6 Blue";"темно-синий";;"3300814364";"ESYWXM6GBU";"250.00";"USD";"16554.00";"RUB";"1";;;;"250.00";"0%";"0.00";;;
"15748373-0629";"15748373-0629-1";"2026-06-27 18:23:39";"2026-07-03 09:00:00";"2026-07-03 09:00:00";"已签收";"2026-07-07 14:16:07";"2026-06-29 08:38:47";;"282.00";"USD";"Новый Garmin Edge 540 велокомпьютер с GPS(Standard Edition) 010-02694-04";"черный";;"2918882869";"WGMED540ECBL";"282.00";"USD";"17544.00";"RUB";"1";;;;"282.00";"0%";"0.00";;;
"11823608-0165";"11823608-0165-1";"2026-06-27 19:56:53";"2026-07-03 09:00:00";"2026-07-03 09:00:00";"已签收";"2026-07-08 12:37:28";"2026-06-29 08:45:44";;"170.00";"USD";"Новый HUAWEI FreeBuds Pro 5 White";"белый";;"4446808733";"EWFBP5GWH";"170.00";"USD";"11257.00";"RUB";"1";;;;"170.00";"0%";"0.00";;;
"0128758739-0049";"0128758739-0049-1";"2026-06-27 20:30:52";"2026-07-03 09:00:00";"2026-07-03 09:00:00";"已签收";"2026-07-09 10:51:23";"2026-06-29 08:46:40";;"185.00";"USD";"Новый HUAWEI FreeClip 2 White";"белый";;"3668262305";"EWFC2GWH";"185.00";"USD";"11462.00";"RUB";"1";;;;"185.00";"0%";"0.00";;;
"36935475-0230";"36935475-0230-1";"2026-06-27 21:20:13";"2026-07-02 23:00:00";"2026-07-02 23:00:00";"已取消";;;"2026-06-27 21:40:21";"39.50";"USD";"Новый realme Watch 5 Silver";"серебристый";;"2753563860";"WRW5GSR2";"39.50";"USD";"2989.00";"RUB";"1";;;;"39.50";"0%";"0.00";;;
"71170820-0176";"71170820-0176-1";"2026-06-28 00:34:33";"2026-07-03 09:00:00";"2026-07-03 09:00:00";"已取消";;;"2026-06-28 00:37:33";"18.20";"USD";"Новый HONOR CHOICE Earbuds X8 Black";"черный";;"4606445118";"EHEX8EBL";"18.20";"USD";"1420.00";"RUB";"1";;;;"18.20";"0%";"0.00";;;
"15901349-0106";"15901349-0106-1";"2026-06-28 07:50:02";"2026-07-03 23:00:00";"2026-07-03 23:00:00";"已签收";"2026-07-15 15:36:08";"2026-06-29 08:17:27";;"242.00";"USD";"Новый Redmi Pad 2 Pro 8/256GB Silver";"серебристый";;"2974209070";"DDPD2PWFGE8256SR";"242.00";"USD";"17278.00";"RUB";"1";;;;"242.00";"0%";"0.00";;;
"0134976910-0172";"0134976910-0172-1";"2026-06-28 08:35:19";"2026-07-03 09:00:00";"2026-07-03 09:00:00";"已取消";;"2026-06-29 08:45:44";"2026-07-08 08:39:10";"18.20";"USD";"Новый HONOR CHOICE Earbuds X8 Black";"черный";;"4606445118";"EHEX8EBL";"18.20";"USD";"1426.00";"RUB";"1";;;;"18.20";"0%";"0.00";;;
"11220489-0333";"11220489-0333-1";"2026-06-28 20:32:11";"2026-07-04 09:00:00";"2026-07-04 09:00:00";"已签收";"2026-07-08 16:04:04";"2026-06-29 08:45:05";;"165.00";"USD";"Новый HUAWEI Watch FIT 5 Black";"черный";;"4448221487";"WWFIT5GBL";"165.00";"USD";"11245.00";"RUB";"1";;;;"165.00";"0%";"0.00";;;
"65326244-0527";"65326244-0527-1";"2026-06-29 08:52:59";"2026-07-04 09:00:00";"2026-07-04 09:00:00";"已签收";"2026-07-14 14:07:45";"2026-06-30 08:03:39";;"240.00";"USD";"Новый HUAWEI Watch FIT 5 Pro Black";"черный";;"4448902531";"WWFIT5PGBL";"240.00";"USD";"16357.00";"RUB";"1";;;;"240.00";"0%";"0.00";;;
"0161231978-0066";"0161231978-0066-1";"2026-06-29 10:19:33";"2026-07-05 09:00:00";"2026-07-05 09:00:00";"已签收";"2026-07-13 14:12:11";"2026-06-30 08:04:26";;"11.40";"USD";"Новый HONOR CHOICE Earbuds X7i White";"белый";;"4607355094";"EHEX7IEWH";"11.40";"USD";"925.00";"RUB";"1";;;;"11.40";"0%";"0.00";;;
"10158901-0242";"10158901-0242-1";"2026-06-29 11:48:27";"2026-07-05 09:00:00";"2026-07-05 09:00:00";"已签收";"2026-07-14 13:40:49";"2026-06-30 08:03:42";;"30.40";"USD";"Новый HONOR CHOICE Earbuds X7 Pro White";"белый";;"4633724694";"EHEX7PREWH";"30.40";"USD";"2287.00";"RUB";"1";;;;"30.40";"0%";"0.00";;;
"73060554-0844";"73060554-0844-1";"2026-06-29 13:54:25";"2026-07-04 23:00:00";"2026-07-04 23:00:00";"已签收";"2026-07-15 12:33:28";"2026-06-30 08:14:15";;"185.00";"USD";"Новый HUAWEI Watch FIT 4 Pro Green";"зеленый";;"3075997003";"WWFIT4PGGN";"185.00";"USD";"12608.00";"RUB";"1";;;;"185.00";"0%";"0.00";;;
"0233201331-0029";"0233201331-0029-2";"2026-06-29 14:23:45";"2026-07-05 09:00:00";"2026-07-05 09:00:00";"已签收";"2026-07-18 08:12:19";"2026-06-30 08:02:34";;"255.00";"USD";"Новый HUAWEI Watch FIT 5 Pro White";"белый";;"4448907078";"WWFIT5PGWH";"255.00";"USD";"17379.00";"RUB";"1";;;;"255.00";"0%";"0.00";;;
"39332221-0024";"39332221-0024-1";"2026-06-29 16:08:18";"2026-07-05 09:00:00";"2026-07-05 09:00:00";"已签收";"2026-07-18 09:49:28";"2026-06-30 08:02:34";;"175.00";"USD";"Новый HUAWEI FreeClip 2 White";"белый";;"3668262305";"EWFC2GWH";"175.00";"USD";"10842.00";"RUB";"1";;;;"175.00";"0%";"0.00";;;
"36909749-0096";"36909749-0096-1";"2026-06-29 18:29:59";"2026-07-05 09:00:00";"2026-07-05 09:00:00";"已签收";"2026-07-13 07:10:01";"2026-06-30 08:03:42";;"10.00";"USD";"Новый HONOR CHOICE Earbuds X7 Lite White";"белый";;"4634766526";"EHEX7LTEWH";"10.00";"USD";"771.00";"RUB";"1";;;;"10.00";"0%";"0.00";;;
"0109012577-0218";"0109012577-0218-1";"2026-06-29 19:55:39";"2026-07-05 09:00:00";"2026-07-05 09:00:00";"已签收";"2026-07-14 12:33:49";"2026-06-30 08:02:26";;"240.00";"USD";"Новый HUAWEI Watch FIT 5 Pro Black";"черный";;"4448902531";"WWFIT5PGBL";"240.00";"USD";"16357.00";"RUB";"1";;;;"240.00";"0%";"0.00";;;
"0145543452-0136";"0145543452-0136-1";"2026-06-30 01:53:25";"2026-07-05 09:00:00";"2026-07-05 09:00:00";"已签收";"2026-07-21 09:01:25";"2026-07-02 06:36:23";;"18.20";"USD";"Новый HONOR CHOICE Earbuds X8 Black";"черный";;"4606445118";"EHEX8EBL";"18.20";"USD";"1432.00";"RUB";"1";;;;"18.20";"0%";"0.00";;;
"92353102-0398";"92353102-0398-1";"2026-06-30 05:20:19";"2026-07-05 09:00:00";"2026-07-05 09:00:00";"已取消";;"2026-07-02 06:15:52";"2026-07-12 09:55:16";"240.00";"USD";"Новый HUAWEI Watch FIT 5 Pro Black";"черный";;"4448902531";"WWFIT5PGBL";"240.00";"USD";"16504.00";"RUB";"1";;;;"240.00";"0%";"0.00";;;
"28326286-0750";"28326286-0750-1";"2026-06-30 08:32:53";"2026-07-05 09:00:00";"2026-07-05 09:00:00";"已签收";"2026-07-14 14:21:51";"2026-07-02 06:36:23";;"18.20";"USD";"Новый HONOR CHOICE Earbuds X8 Black";"черный";;"4606445118";"EHEX8EBL";"18.20";"USD";"1432.00";"RUB";"1";;;;"18.20";"0%";"0.00";;;
"72885266-0621";"72885266-0621-1";"2026-06-30 09:10:56";"2026-07-05 23:00:00";"2026-07-05 23:00:00";"已取消";;"2026-07-01 01:27:00";"2026-08-07 13:27:44";"55.00";"USD";"Новый Xiaomi Smart Band 9 Pro Silver";"серебристый";;"1818626945";"BXB9PGSR";"55.00";"USD";"4199.00";"RUB";"1";;;;"55.00";"0%";"0.00";;;
"11347558-0696";"11347558-0696-1";"2026-06-30 10:04:10";"2026-07-06 09:00:00";"2026-07-06 09:00:00";"已签收";"2026-07-13 16:19:54";"2026-07-03 08:56:35";;"33.00";"USD";"Новый HONOR CHOICE Watch 2i Black";"черный";;"4868499532";"WHCW2IGBL";"33.00";"USD";"2230.00";"RUB";"1";;;;"33.00";"0%";"0.00";;;
"09329525-0405";"09329525-0405-1";"2026-06-30 11:27:32";"2026-07-06 09:00:00";"2026-07-06 09:00:00";"已签收";"2026-07-19 12:42:08";"2026-07-02 06:36:18";;"165.00";"USD";"Новый HUAWEI Watch FIT 5 White";"белый";;"4448233307";"WWFIT5GWH";"165.00";"USD";"11110.00";"RUB";"1";;;;"165.00";"0%";"0.00";;;
"44888910-0170";"44888910-0170-1";"2026-06-30 13:56:36";"2026-07-06 09:00:00";"2026-07-06 09:00:00";"已取消";;"2026-07-02 06:36:23";"2026-07-22 14:07:24";"240.00";"USD";"Новый HUAWEI Watch FIT 5 Pro Black";"черный";;"4448902531";"WWFIT5PGBL";"240.00";"USD";"16219.00";"RUB";"1";;;;"240.00";"0%";"0.00";;;
"34259060-0555";"34259060-0555-1";"2026-06-30 15:44:21";"2026-07-06 09:00:00";"2026-07-06 09:00:00";"已签收";"2026-07-12 15:46:31";"2026-07-02 06:35:44";;"175.00";"USD";"Новый HUAWEI FreeClip 2 White";"белый";;"3668262305";"EWFC2GWH";"175.00";"USD";"10732.00";"RUB";"1";;;;"175.00";"0%";"0.00";;;
"02753014-0104";"02753014-0104-1";"2026-06-30 17:31:46";"2026-07-05 23:00:00";"2026-07-05 23:00:00";"已取消";;;"2026-07-01 02:43:11";"100.00";"USD";"Новый Edifier R1280DBs Brown";"коричневый";;"3936802530";"SER1280DBSEBR";"100.00";"USD";"6681.00";"RUB";"1";;;;"100.00";"0%";"0.00";;;
"0130198874-0040";"0130198874-0040-1";"2026-06-30 20:48:36";"2026-07-06 09:00:00";"2026-07-06 09:00:00";"已签收";"2026-07-12 14:30:12";"2026-07-02 06:35:27";;"158.00";"USD";"Новый HUAWEI Watch FIT 5 Black";"черный";;"4448221487";"WWFIT5GBL";"158.00";"USD";"10677.00";"RUB";"1";;;;"158.00";"0%";"0.00";;;
"02753014-0105";"02753014-0105-1";"2026-07-01 04:02:52";"2026-07-06 23:00:00";"2026-07-06 23:00:00";"已取消";;;"2026-07-02 01:05:07";"100.00";"USD";"Новый Edifier R1280DBs Brown";"коричневый";;"3936802530";"SER1280DBSEBR";"100.00";"USD";"6726.00";"RUB";"1";;;;"100.00";"0%";"0.00";;;
"59898901-0553";"59898901-0553-1";"2026-07-01 06:21:43";"2026-07-06 09:00:00";"2026-07-06 09:00:00";"已签收";"2026-07-16 08:18:40";"2026-07-02 07:39:00";;"240.00";"USD";"Новый HUAWEI Watch FIT 5 Pro Black";"черный";;"4448902531";"WWFIT5PGBL";"240.00";"USD";"16326.00";"RUB";"1";;;;"240.00";"0%";"0.00";;;
"47942359-0798";"47942359-0798-1";"2026-07-01 06:59:10";"2026-07-06 09:00:00";"2026-07-06 09:00:00";"已取消";;;"2026-07-01 08:06:50";"175.00";"USD";"Новый HUAWEI FreeClip 2 White";"белый";;"3668262305";"EWFC2GWH";"175.00";"USD";"10803.00";"RUB";"1";;;;"175.00";"0%";"0.00";;;
"24355965-0266";"24355965-0266-1";"2026-07-01 07:40:19";"2026-07-06 09:00:00";"2026-07-06 09:00:00";"已签收";"2026-07-16 13:21:26";"2026-07-02 07:25:59";;"240.00";"USD";"Новый HUAWEI Watch FIT 5 Pro Black";"черный";;"4448902531";"WWFIT5PGBL";"240.00";"USD";"16326.00";"RUB";"1";;;;"240.00";"0%";"0.00";;;
"0250444618-0027";"0250444618-0027-1";"2026-07-01 08:00:03";"2026-07-06 23:00:00";"2026-07-06 23:00:00";"已签收";"2026-07-18 11:33:44";"2026-07-02 01:04:53";;"60.00";"USD";"Новый realme Buds Air7 Pro Grey";"черный";;"2029781938";"ERAIR7PGGR1";"60.00";"USD";"4584.00";"RUB";"1";;;;"60.00";"0%";"0.00";;;
"34818307-0110";"34818307-0110-1";"2026-07-01 08:41:27";"2026-07-06 23:00:00";"2026-07-06 23:00:00";"已签收";"2026-07-17 13:40:09";"2026-07-03 08:12:12";;"60.00";"USD";"Новый realme Buds Air7 Pro Grey";"черный";;"2029781938";"ERAIR7PGGR1";"60.00";"USD";"4584.00";"RUB";"1";;;;"60.00";"0%";"0.00";;;
"59898901-0555";"59898901-0555-1";"2026-07-01 09:57:12";"2026-07-06 09:00:00";"2026-07-06 09:00:00";"已签收";"2026-07-16 08:18:39";"2026-07-02 07:39:00";;"255.00";"USD";"Новый HUAWEI Watch FIT 5 Pro White";"белый";;"4448907078";"WWFIT5PGWH";"255.00";"USD";"17347.00";"RUB";"1";;;;"255.00";"0%";"0.00";;;
"0260105461-0001";"0260105461-0001-1";"2026-07-01 10:15:27";"2026-07-06 09:00:00";"2026-07-06 09:00:00";"已签收";"2026-07-12 11:07:11";"2026-07-02 07:25:43";;"158.00";"USD";"Новый HUAWEI Watch FIT 5 Black";"черный";;"4448221487";"WWFIT5GBL";"158.00";"USD";"10748.00";"RUB";"1";;;;"158.00";"0%";"0.00";;;
"0137655016-0195";"0137655016-0195-2";"2026-07-01 10:16:19";"2026-07-06 23:00:00";"2026-07-06 23:00:00";"已签收";"2026-07-17 05:47:19";"2026-07-03 08:10:50";;"38.00";"USD";"Новый realme Watch 5 Silver";"серебристый";;"2753563860";"WRW5RSR";"38.00";"USD";"2921.00";"RUB";"1";;;;"38.00";"0%";"0.00";;;
"11062304-0796";"11062304-0796-1";"2026-07-01 13:11:22";"2026-07-06 09:00:00";"2026-07-06 09:00:00";"已签收";"2026-07-18 17:10:15";"2026-07-02 07:25:10";;"175.00";"USD";"Новый HUAWEI FreeClip 2 Black";"черный";;"3668254141";"EWFC2GBL";"175.00";"USD";"10803.00";"RUB";"1";;;;"175.00";"0%";"0.00";;;
"89472543-0100";"89472543-0100-1";"2026-07-01 13:41:12";"2026-07-06 09:00:00";"2026-07-06 09:00:00";"已签收";"2026-07-13 12:03:06";"2026-07-02 07:25:55";;"240.00";"USD";"Новый HUAWEI Watch FIT 5 Pro Black";"черный";;"4448902531";"WWFIT5PGBL";"240.00";"USD";"16326.00";"RUB";"1";;;;"240.00";"0%";"0.00";;;
"38597746-0317";"38597746-0317-1";"2026-07-01 13:50:54";"2026-07-06 09:00:00";"2026-07-06 09:00:00";"已签收";"2026-07-14 08:22:41";"2026-07-02 07:24:43";;"170.00";"USD";"Новый HUAWEI FreeBuds Pro 5 White";"белый";;"4446808733";"EWFBP5GWH";"170.00";"USD";"11230.00";"RUB";"1";;;;"170.00";"0%";"0.00";;;
"0136105446-0114";"0136105446-0114-1";"2026-07-01 13:53:52";"2026-07-06 09:00:00";"2026-07-06 09:00:00";"已签收";"2026-07-22 04:03:21";"2026-07-02 07:38:09";;"240.00";"USD";"Новый HUAWEI Watch FIT 5 Pro Black";"черный";;"4448902531";"WWFIT5PGBL";"240.00";"USD";"16326.00";"RUB";"1";;;;"240.00";"0%";"0.00";;;
"0148069016-0119";"0148069016-0119-1";"2026-07-01 15:40:33";"2026-07-06 09:00:00";"2026-07-06 09:00:00";"已签收";"2026-07-15 14:02:35";"2026-07-02 07:38:54";;"158.00";"USD";"Новый HUAWEI Watch FIT 5 Black";"черный";;"4448221487";"WWFIT5GBL";"158.00";"USD";"10712.00";"RUB";"1";;;;"158.00";"0%";"0.00";;;
"04985550-0122";"04985550-0122-1";"2026-07-01 19:14:16";"2026-07-06 09:00:00";"2026-07-06 09:00:00";"已签收";"2026-07-14 07:17:41";"2026-07-02 07:25:48";;"240.00";"USD";"Новый HUAWEI Watch FIT 5 Pro Black";"черный";;"4448902531";"WWFIT5PGBL";"240.00";"USD";"16272.00";"RUB";"1";;;;"240.00";"0%";"0.00";;;
"16237471-0202";"16237471-0202-1";"2026-07-01 19:48:31";"2026-07-06 09:00:00";"2026-07-06 09:00:00";"已签收";"2026-07-13 16:45:19";"2026-07-02 07:38:32";;"158.00";"USD";"Новый HUAWEI Watch FIT 5 Black";"черный";;"4448221487";"WWFIT5GBL";"158.00";"USD";"10712.00";"RUB";"1";;;;"158.00";"0%";"0.00";;;"包含在配送费用中"
"73678846-0245";"73678846-0245-2";"2026-07-01 20:24:58";"2026-07-06 09:00:00";"2026-07-06 09:00:00";"已签收";"2026-07-14 17:44:08";"2026-07-02 07:38:37";;"255.00";"USD";"Новый HUAWEI Watch FIT 5 Pro White";"белый";;"4448907078";"WWFIT5PGWH";"255.00";"USD";"17288.00";"RUB";"1";;;;"255.00";"0%";"0.00";;;
"0167250545-0126";"0167250545-0126-1";"2026-07-01 20:58:05";"2026-07-06 23:00:00";"2026-07-06 23:00:00";"已取消";;;"2026-07-01 21:00:18";"180.00";"USD";"Новый HUAWEI WATCH GT 6 46mm Black Fluoroelastomer Strap";"черный";;"3075996858";"WWGT6G46BL";"180.00";"USD";"12204.00";"RUB";"1";;;;"180.00";"0%";"0.00";;;
"63287970-1006";"63287970-1006-1";"2026-07-02 03:27:35";"2026-07-06 09:00:00";"2026-07-06 09:00:00";"已取消";;;"2026-07-02 13:15:51";"240.00";"USD";"Новый HUAWEI Watch FIT 5 Pro Black";"черный";;"4448902531";"WWFIT5PGBL";"240.00";"USD";"16271.00";"RUB";"1";;;;"240.00";"0%";"0.00";;;
"40996001-0708";"40996001-0708-1";"2026-07-02 04:05:51";"2026-07-07 23:00:00";"2026-07-07 23:00:00";"已签收";"2026-07-17 14:10:24";"2026-07-03 08:12:24";;"180.00";"USD";"Новый HUAWEI WATCH GT 6 46mm Black Fluoroelastomer Strap";"черный";;"3075996858";"WWGT6G46BL";"180.00";"USD";"12203.00";"RUB";"1";;;;"180.00";"0%";"0.00";;;
"29167342-0529";"29167342-0529-1";"2026-07-02 04:09:15";"2026-07-07 23:00:00";"2026-07-07 23:00:00";"已签收";"2026-07-15 14:08:39";"2026-07-03 08:11:48";;"180.00";"USD";"Новый HUAWEI WATCH GT 6 46mm Black Fluoroelastomer Strap";"черный";;"3075996858";"WWGT6G46BL";"180.00";"USD";"12203.00";"RUB";"1";;;;"180.00";"0%";"0.00";;;
"47370605-0418";"47370605-0418-1";"2026-07-02 05:57:08";"2026-07-06 09:00:00";"2026-07-06 09:00:00";"已取消";;"2026-07-03 08:46:48";"2026-07-19 19:46:53";"18.20";"USD";"Новый HONOR CHOICE Earbuds X8 Black";"черный";;"4606445118";"EHEX8EBL";"18.20";"USD";"1312.00";"RUB";"1";;;;"18.20";"0%";"0.00";;;"包含在配送费用中"
"0101362871-0217";"0101362871-0217-1";"2026-07-02 07:03:31";"2026-07-06 09:00:00";"2026-07-06 09:00:00";"已签收";"2026-07-26 10:55:15";"2026-07-03 08:45:44";;"240.00";"USD";"Новый HUAWEI Watch FIT 5 Pro Black";"черный";;"4448902531";"WWFIT5PGBL";"240.00";"USD";"16935.17";"RUB";"1";;;;"240.00";"0%";"0.00";;;
"0172877216-0107";"0172877216-0107-10";"2026-07-02 07:18:28";"2026-07-06 09:00:00";"2026-07-06 09:00:00";"已签收";"2026-07-17 10:58:05";"2026-07-03 08:57:32";;"50.00";"USD";"Новый HONOR CHOICE Watch 2 Pro Black";"черный";;"4868560221";"WHCW2PGBL";"50.00";"USD";"3390.00";"RUB";"1";;;;"50.00";"0%";"0.00";;;
"18366141-0171";"18366141-0171-1";"2026-07-02 08:02:19";"2026-07-06 09:00:00";"2026-07-06 09:00:00";"已签收";"2026-07-16 04:10:10";"2026-07-03 08:57:33";;"240.00";"USD";"Новый HUAWEI Watch FIT 5 Pro Black";"черный";;"4448902531";"WWFIT5PGBL";"240.00";"USD";"16271.00";"RUB";"1";;;;"240.00";"0%";"0.00";;;
"0112442259-0177";"0112442259-0177-1";"2026-07-02 08:39:57";"2026-07-06 09:00:00";"2026-07-06 09:00:00";"已签收";"2026-07-15 14:14:56";"2026-07-03 08:57:32";;"240.00";"USD";"Новый HUAWEI Watch FIT 5 Pro Black";"черный";;"4448902531";"WWFIT5PGBL";"240.00";"USD";"16271.00";"RUB";"1";;;;"240.00";"0%";"0.00";;;
"26625550-0247";"26625550-0247-1";"2026-07-02 12:40:18";"2026-07-07 09:00:00";"2026-07-07 09:00:00";"已签收";"2026-07-15 11:16:03";"2026-07-03 08:57:50";;"240.00";"USD";"Новый HUAWEI Watch FIT 5 Pro Black";"черный";;"4448902531";"WWFIT5PGBL";"240.00";"USD";"16271.00";"RUB";"1";;;;"240.00";"0%";"0.00";;;
"0167250545-0127";"0167250545-0127-2";"2026-07-02 13:32:23";"2026-07-07 23:00:00";"2026-07-07 23:00:00";"已签收";"2026-07-14 10:06:01";"2026-07-03 08:11:11";;"180.00";"USD";"Новый HUAWEI WATCH GT 6 46mm Black Fluoroelastomer Strap";"черный";;"3075996858";"WWGT6G46BL";"180.00";"USD";"12206.00";"RUB";"1";;;;"180.00";"0%";"0.00";;;
"63287970-1008";"63287970-1008-1";"2026-07-02 13:35:17";"2026-07-07 09:00:00";"2026-07-07 09:00:00";"已取消";;;"2026-07-03 03:15:40";"240.00";"USD";"Новый HUAWEI Watch FIT 5 Pro Black";"черный";;"4448902531";"WWFIT5PGBL";"240.00";"USD";"16274.00";"RUB";"1";;;;"240.00";"0%";"0.00";;;
"0185028168-0099";"0185028168-0099-1";"2026-07-02 14:58:41";"2026-07-07 23:00:00";"2026-07-07 23:00:00";"已签收";"2026-07-19 11:03:18";"2026-07-03 08:11:16";;"180.00";"USD";"Новый HUAWEI WATCH GT 6 46mm Black Fluoroelastomer Strap";"черный";;"3075996858";"WWGT6G46BL";"180.00";"USD";"12206.00";"RUB";"1";;;;"180.00";"0%";"0.00";;;
"0254976513-0004";"0254976513-0004-1";"2026-07-02 15:16:55";"2026-07-07 09:00:00";"2026-07-07 09:00:00";"已签收";"2026-07-13 15:59:15";"2026-07-03 08:46:28";;"18.20";"USD";"Новый HONOR CHOICE Earbuds X8 Black";"черный";;"4606445118";"EHEX8EBL";"18.20";"USD";"1430.00";"RUB";"1";;;;"18.20";"0%";"0.00";;;
"81755169-0263";"81755169-0263-1";"2026-07-02 15:39:13";"2026-07-07 23:00:00";"2026-07-07 23:00:00";"已签收";"2026-07-18 09:10:37";"2026-07-03 08:13:08";;"180.00";"USD";"Новый HUAWEI WATCH GT 6 46mm Black Fluoroelastomer Strap";"черный";;"3075996858";"WWGT6G46BL";"180.00";"USD";"12206.00";"RUB";"1";;;;"180.00";"0%";"0.00";;;
"02726483-0394";"02726483-0394-1";"2026-07-02 17:01:18";"2026-07-07 09:00:00";"2026-07-07 09:00:00";"已签收";"2026-07-12 14:10:07";"2026-07-03 08:57:38";;"175.00";"USD";"Новый HUAWEI FreeClip 2 Black";"черный";;"3668254141";"EWFC2GBL";"175.00";"USD";"10766.00";"RUB";"1";;;;"175.00";"0%";"0.00";;;
"17595576-0433";"17595576-0433-1";"2026-07-02 18:06:23";"2026-07-07 09:00:00";"2026-07-07 09:00:00";"已签收";"2026-07-13 15:21:59";"2026-07-03 08:46:40";;"175.00";"USD";"Новый HUAWEI FreeClip 2 White";"белый";;"3668262305";"EWFC2GWH";"175.00";"USD";"10766.00";"RUB";"1";;;;"175.00";"0%";"0.00";;;
"0142405642-0252";"0142405642-0252-1";"2026-07-02 18:08:46";"2026-07-07 09:00:00";"2026-07-07 09:00:00";"已签收";"2026-07-13 13:23:24";"2026-07-03 08:57:31";;"240.00";"USD";"Новый HUAWEI Watch FIT 5 Pro Black";"черный";;"4448902531";"WWFIT5PGBL";"240.00";"USD";"16274.00";"RUB";"1";;;;"240.00";"0%";"0.00";;;
"15870946-0513";"15870946-0513-1";"2026-07-02 19:19:14";"2026-07-07 09:00:00";"2026-07-07 09:00:00";"已签收";"2026-07-12 13:23:29";"2026-07-03 08:57:40";;"240.00";"USD";"Новый HUAWEI Watch FIT 5 Pro Black";"черный";;"4448902531";"WWFIT5PGBL";"240.00";"USD";"16274.00";"RUB";"1";;;;"240.00";"0%";"0.00";;;
"0140890083-0022";"0140890083-0022-2";"2026-07-02 20:08:13";"2026-07-07 09:00:00";"2026-07-07 09:00:00";"已签收";"2026-07-13 14:38:49";"2026-07-03 08:58:12";;"282.00";"USD";"Новый Garmin Edge 540 велокомпьютер с GPS(Standard Edition) 010-02694-04";"черный";;"2918882869";"WGMED540ECBL";"282.00";"USD";"17587.00";"RUB";"1";;;;"282.00";"0%";"0.00";;;
"02727923-0179";"02727923-0179-1";"2026-07-02 21:24:43";"2026-07-07 23:00:00";"2026-07-07 23:00:00";"已签收";"2026-07-15 13:53:05";"2026-07-03 08:11:47";;"180.00";"USD";"Новый HUAWEI WATCH GT 6 46mm Black Fluoroelastomer Strap";"черный";;"3075996858";"WWGT6G46BL";"180.00";"USD";"12153.00";"RUB";"1";;;;"180.00";"0%";"0.00";;;
"51411144-0009";"51411144-0009-1";"2026-07-02 21:37:15";"2026-07-07 09:00:00";"2026-07-07 09:00:00";"已签收";"2026-07-16 07:10:44";"2026-07-03 08:46:48";;"175.00";"USD";"Новый HUAWEI FreeClip 2 White";"белый";;"3668262305";"EWFC2GWH";"175.00";"USD";"10719.00";"RUB";"1";;;;"175.00";"0%";"0.00";;;
"63287970-1009";"63287970-1009-1";"2026-07-03 04:47:13";"2026-07-07 09:00:00";"2026-07-07 09:00:00";"已签收";"2026-07-16 04:30:09";"2026-07-04 06:44:26";;"240.00";"USD";"Новый HUAWEI Watch FIT 5 Pro Black";"черный";;"4448902531";"WWFIT5PGBL";"240.00";"USD";"16204.00";"RUB";"1";;;;"240.00";"0%";"0.00";;;
"33160915-0053";"33160915-0053-1";"2026-07-03 04:53:54";"2026-07-07 09:00:00";"2026-07-07 09:00:00";"已签收";"2026-07-15 12:45:25";"2026-07-04 06:44:26";;"240.00";"USD";"Новый HUAWEI Watch FIT 5 Pro Black";"черный";;"4448902531";"WWFIT5PGBL";"240.00";"USD";"16204.00";"RUB";"1";;;;"240.00";"0%";"0.00";;;"包含在配送费用中"
"91330794-0113";"91330794-0113-1";"2026-07-03 08:10:16";"2026-07-07 09:00:00";"2026-07-07 09:00:00";"已签收";"2026-07-14 17:03:37";"2026-07-04 06:44:26";;"170.00";"USD";"Новый HUAWEI FreeBuds Pro 5 Gery";"черно-серый";;"4446802444";"EWFBP5GGR";"170.00";"USD";"11145.00";"RUB";"1";;;;"170.00";"0%";"0.00";;;
"30978484-0363";"30978484-0363-1";"2026-07-03 09:07:16";"2026-07-08 09:00:00";"2026-07-08 09:00:00";"已签收";"2026-07-16 11:14:13";"2026-07-04 06:44:26";;"240.00";"USD";"Новый HUAWEI Watch FIT 5 Pro Black";"черный";;"4448902531";"WWFIT5PGBL";"240.00";"USD";"16204.00";"RUB";"1";;;;"240.00";"0%";"0.00";;;
"45964577-0060";"45964577-0060-1";"2026-07-03 09:56:23";"2026-07-08 09:00:00";"2026-07-08 09:00:00";"已取消";;"2026-07-04 06:44:27";"2026-07-18 13:50:39";"240.00";"USD";"Новый HUAWEI Watch FIT 5 Pro Black";"черный";;"4448902531";"WWFIT5PGBL";"240.00";"USD";"16204.00";"RUB";"1";;;;"240.00";"0%";"0.00";;;
"83047137-0157";"83047137-0157-1";"2026-07-03 10:13:56";"2026-07-08 09:00:00";"2026-07-08 09:00:00";"已取消";;;"2026-07-03 10:17:31";"18.20";"USD";"Новый HONOR CHOICE Earbuds X8 Black";"черный";;"4606445118";"EHEX8EBL";"18.20";"USD";"1424.00";"RUB";"1";;;;"18.20";"0%";"0.00";;;
"51174148-0131";"51174148-0131-1";"2026-07-03 10:57:44";"2026-07-08 09:00:00";"2026-07-08 09:00:00";"已签收";"2026-07-14 16:09:53";"2026-07-04 06:44:26";;"74.10";"USD";"Новый Xiaomi Smart Band 10 Pro Black";"черный";;"4858621662";"BX10PROGBL";"74.10";"USD";"5032.00";"RUB";"1";;;;"74.10";"0%";"0.00";;;
"27906171-1194";"27906171-1194-1";"2026-07-03 12:57:48";"2026-07-08 09:00:00";"2026-07-08 09:00:00";"已签收";"2026-07-14 11:51:00";"2026-07-04 06:45:38";;"175.00";"USD";"Новый HUAWEI FreeClip 2 White";"белый";;"3668262305";"EWFC2GWH";"175.00";"USD";"11640.00";"RUB";"1";;;;"175.00";"0%";"0.00";;;
"77360322-0551";"77360322-0551-1";"2026-07-03 16:16:40";"2026-07-08 09:00:00";"2026-07-08 09:00:00";"已签收";"2026-07-15 08:11:55";"2026-07-04 06:45:38";;"175.00";"USD";"Новый HUAWEI FreeClip 2 White";"белый";;"3668262305";"EWFC2GWH";"175.00";"USD";"10781.00";"RUB";"1";;;;"175.00";"0%";"0.00";;;
"0129169063-0663";"0129169063-0663-1";"2026-07-03 22:44:31";"2026-07-08 09:00:00";"2026-07-08 09:00:00";"已签收";"2026-07-20 09:42:09";"2026-07-04 06:44:26";;"18.20";"USD";"Новый HONOR CHOICE Earbuds X8 Black";"черный";;"4606445118";"EHEX8EBL";"18.20";"USD";"1412.00";"RUB";"1";;;;"18.20";"0%";"0.00";;;
"31326229-0003";"31326229-0003-1";"2026-07-04 06:11:42";"2026-07-08 09:00:00";"2026-07-08 09:00:00";"已签收";"2026-07-16 09:17:40";"2026-07-06 07:42:09";;"158.00";"USD";"Новый HUAWEI Watch FIT 5 Black";"черный";;"4448221487";"WWFIT5GBL";"158.00";"USD";"10108.00";"RUB";"1";;;;"158.00";"0%";"0.00";;;
"55721377-0041";"55721377-0041-1";"2026-07-04 06:27:40";"2026-07-08 09:00:00";"2026-07-08 09:00:00";"已签收";"2026-07-16 04:50:43";"2026-07-06 07:27:06";;"240.00";"USD";"Новый HUAWEI Watch FIT 5 Pro Black";"черный";;"4448902531";"WWFIT5PGBL";"240.00";"USD";"16873.00";"RUB";"1";;;;"240.00";"0%";"0.00";;;
"91717942-0476";"91717942-0476-1";"2026-07-04 07:13:45";"2026-07-08 09:00:00";"2026-07-08 09:00:00";"已签收";"2026-07-22 06:30:27";"2026-07-06 07:50:28";;"175.00";"USD";"Новый HUAWEI FreeClip 2 White";"белый";;"3668262305";"EWFC2GWH";"175.00";"USD";"10684.00";"RUB";"1";;;;"175.00";"0%";"0.00";;;
"0138240294-0094";"0138240294-0094-1";"2026-07-04 07:30:52";"2026-07-08 09:00:00";"2026-07-08 09:00:00";"已签收";"2026-07-16 10:23:26";"2026-07-06 07:42:08";;"30.40";"USD";"Новый HONOR CHOICE Earbuds X7 Pro Gery";"черно-серый";;"4633712503";"EHEX7PREGR";"30.40";"USD";"2260.00";"RUB";"1";;;;"30.40";"0%";"0.00";;;
"77004461-0004";"77004461-0004-2";"2026-07-04 13:18:19";"2026-07-09 23:00:00";"2026-07-09 23:00:00";"已签收";"2026-07-25 08:59:50";"2026-07-06 08:26:08";;"24.00";"USD";"Новый Xiaomi Smart Band 9 Active Black";"черный";;"1759609206";"BX9ACTGBL";"24.00";"USD";"1811.00";"RUB";"1";;;;"24.00";"0%";"0.00";;;
"40619004-0361";"40619004-0361-1";"2026-07-04 17:22:39";"2026-07-09 09:00:00";"2026-07-09 09:00:00";"已签收";"2026-07-13 15:43:41";"2026-07-06 07:50:28";;"18.20";"USD";"Новый HONOR CHOICE Earbuds X8 White";"белый";;"4606441988";"EHEX8EWH";"18.20";"USD";"1398.00";"RUB";"1";;;;"18.20";"0%";"0.00";;;
"35074990-0369";"35074990-0369-1";"2026-07-04 18:25:59";"2026-07-09 09:00:00";"2026-07-09 09:00:00";"已签收";"2026-07-14 16:26:12";"2026-07-06 07:41:59";;"10.00";"USD";"Новый HONOR CHOICE Earbuds X7 Lite White";"белый";;"4634766526";"EHEX7LTEWH";"10.00";"USD";"768.00";"RUB";"1";;;;"10.00";"0%";"0.00";;;
"77205995-0475";"77205995-0475-1";"2026-07-04 23:57:58";"2026-07-09 09:00:00";"2026-07-09 09:00:00";"已签收";"2026-07-14 16:07:54";"2026-07-06 07:27:16";;"240.00";"USD";"Новый HUAWEI Watch FIT 5 Pro Black";"черный";;"4448902531";"WWFIT5PGBL";"240.00";"USD";"16204.00";"RUB";"1";;;;"240.00";"0%";"0.00";;;
"0124586439-0124";"0124586439-0124-1";"2026-07-05 05:51:32";"2026-07-09 09:00:00";"2026-07-09 09:00:00";"已签收";"2026-07-17 13:07:15";"2026-07-06 07:42:02";;"276.00";"USD";"Новый Garmin Edge 540 велокомпьютер с GPS(Standard Edition) 010-02694-04";"черный";;"2918882869";"WGMED540ECBL";"276.00";"USD";"17066.00";"RUB";"1";;;;"276.00";"0%";"0.00";;;
"15228500-0240";"15228500-0240-1";"2026-07-05 06:34:19";"2026-07-09 09:00:00";"2026-07-09 09:00:00";"已签收";"2026-07-18 11:44:52";"2026-07-06 07:50:19";;"240.00";"USD";"Новый HUAWEI Watch FIT 5 Pro Black";"черный";;"4448902531";"WWFIT5PGBL";"240.00";"USD";"16239.00";"RUB";"1";;;;"240.00";"0%";"0.00";;;
"0123523506-0168";"0123523506-0168-1";"2026-07-05 06:41:18";"2026-07-09 09:00:00";"2026-07-09 09:00:00";"已签收";"2026-07-19 03:18:56";"2026-07-06 07:42:25";;"240.00";"USD";"Новый HUAWEI Watch FIT 5 Pro Black";"черный";;"4448902531";"WWFIT5PGBL";"240.00";"USD";"16213.00";"RUB";"1";;;;"240.00";"0%";"0.00";;;
"0130970456-0175";"0130970456-0175-1";"2026-07-05 14:52:12";"2026-07-10 09:00:00";"2026-07-10 09:00:00";"已签收";"2026-07-17 15:01:04";"2026-07-06 07:41:20";;"240.00";"USD";"Новый HUAWEI Watch FIT 5 Pro Black";"черный";;"4448902531";"WWFIT5PGBL";"240.00";"USD";"16304.00";"RUB";"1";;;;"240.00";"0%";"0.00";;;
"03733377-0175";"03733377-0175-1";"2026-07-05 20:36:01";"2026-07-10 09:00:00";"2026-07-10 09:00:00";"已签收";"2026-07-13 17:31:21";"2026-07-06 07:26:45";;"240.00";"USD";"Новый HUAWEI Watch FIT 5 Pro Black";"черный";;"4448902531";"WWFIT5PGBL";"240.00";"USD";"16304.00";"RUB";"1";;;;"240.00";"0%";"0.00";;;
"67006176-0099";"67006176-0099-1";"2026-07-06 04:26:55";"2026-07-10 09:00:00";"2026-07-10 09:00:00";"已取消";;;"2026-07-06 04:28:56";"30.40";"USD";"Новый HONOR CHOICE Earbuds X7 Pro Gery";"черно-серый";;"4633712503";"EHEX7PREGR";"30.40";"USD";"2417.00";"RUB";"1";;;;"30.40";"0%";"0.00";;;
"35866892-0197";"35866892-0197-2";"2026-07-06 06:01:51";"2026-07-10 09:00:00";"2026-07-10 09:00:00";"已签收";"2026-07-16 16:45:43";"2026-07-07 09:52:12";;"30.40";"USD";"Новый HONOR CHOICE Earbuds X7 Pro Gery";"черно-серый";;"4633712503";"EHEX7PREGR";"30.40";"USD";"1955.71";"RUB";"1";;;;"30.40";"0%";"0.00";;;
"0189808495-0027";"0189808495-0027-1";"2026-07-06 11:59:18";"2026-07-11 09:00:00";"2026-07-11 09:00:00";"已签收";"2026-07-16 16:49:37";"2026-07-07 09:52:02";;"240.00";"USD";"Новый HUAWEI Watch FIT 5 Pro Black";"черный";;"4448902531";"WWFIT5PGBL";"240.00";"USD";"16347.00";"RUB";"1";;;;"240.00";"0%";"0.00";;;
"42889245-0366";"42889245-0366-2";"2026-07-06 16:03:59";"2026-07-11 09:00:00";"2026-07-11 09:00:00";"已签收";"2026-07-17 11:58:44";"2026-07-07 06:17:29";;"300.00";"USD";"Новый OPPO Watch X3 Black";"черный";;"4243558742";"WOPWTHX3GBL";"300.00";"USD";"20490.00";"RUB";"1";;;;"300.00";"0%";"0.00";;;
"79141172-0547";"79141172-0547-1";"2026-07-07 02:57:29";"2026-07-11 09:00:00";"2026-07-11 09:00:00";"已签收";"2026-07-16 12:27:45";"2026-07-08 07:25:51";;"240.00";"USD";"Новый HUAWEI Watch FIT 5 Pro Black";"черный";;"4448902531";"WWFIT5PGBL";"240.00";"USD";"16550.00";"RUB";"1";;;;"240.00";"0%";"0.00";;;
"12782926-0486";"12782926-0486-1";"2026-07-07 06:03:24";"2026-07-11 09:00:00";"2026-07-11 09:00:00";"已签收";"2026-07-15 15:49:07";"2026-07-08 07:21:59";;"275.50";"USD";"Новый Garmin Edge 540 велокомпьютер с GPS(Standard Edition) 010-02694-04";"черный";;"2918882869";"WGMED540ECBL";"275.50";"USD";"17486.00";"RUB";"1";;;;"275.50";"0%";"0.00";;;
"0158678457-0825";"0158678457-0825-3";"2026-07-07 08:30:12";"2026-07-11 09:00:00";"2026-07-11 09:00:00";"已签收";"2026-07-22 16:22:46";"2026-07-08 07:22:20";;"240.00";"USD";"Новый HUAWEI Watch FIT 5 Pro Black";"черный";;"4448902531";"WWFIT5PGBL";"240.00";"USD";"16591.00";"RUB";"1";;;;"240.00";"0%";"0.00";;;
"29659557-0302";"29659557-0302-1";"2026-07-07 13:12:14";"2026-07-12 09:00:00";"2026-07-12 09:00:00";"已签收";"2026-07-23 09:09:09";"2026-07-08 07:22:32";;"240.00";"USD";"Новый HUAWEI Watch FIT 5 Pro Black";"черный";;"4448902531";"WWFIT5PGBL";"240.00";"USD";"16550.00";"RUB";"1";;;;"240.00";"0%";"0.00";;;
"06762218-0310";"06762218-0310-1";"2026-07-07 14:40:02";"2026-07-12 09:00:00";"2026-07-12 09:00:00";"已取消";;;"2026-07-07 21:41:20";"240.00";"USD";"Новый HUAWEI Watch FIT 5 Pro Black";"черный";;"4448902531";"WWFIT5PGBL";"240.00";"USD";"16550.00";"RUB";"1";;;;"240.00";"0%";"0.00";;;
"06762218-0312";"06762218-0312-1";"2026-07-07 21:41:45";"2026-07-12 09:00:00";"2026-07-12 09:00:00";"已签收";"2026-07-15 11:21:52";"2026-07-08 07:25:37";;"240.00";"USD";"Новый HUAWEI Watch FIT 5 Pro Black";"черный";;"4448902531";"WWFIT5PGBL";"240.00";"USD";"16158.00";"RUB";"1";;;;"240.00";"0%";"0.00";;;
"60585613-0444";"60585613-0444-1";"2026-07-07 21:58:40";"2026-07-12 09:00:00";"2026-07-12 09:00:00";"已签收";"2026-07-15 14:04:31";"2026-07-08 07:21:59";;"240.00";"USD";"Новый HUAWEI Watch FIT 5 Pro Black";"черный";;"4448902531";"WWFIT5PGBL";"240.00";"USD";"16158.00";"RUB";"1";;;;"240.00";"0%";"0.00";;;
"06512090-0374";"06512090-0374-1";"2026-07-08 03:35:10";"2026-07-12 09:00:00";"2026-07-12 09:00:00";"已签收";"2026-07-26 13:59:47";"2026-07-09 08:07:52";;"240.00";"USD";"Новый HUAWEI Watch FIT 5 Pro Black";"черный";;"4448902531";"WWFIT5PGBL";"240.00";"USD";"16158.00";"RUB";"1";;;;"240.00";"0%";"0.00";;;
"0105755499-0418";"0105755499-0418-1";"2026-07-08 06:08:58";"2026-07-12 09:00:00";"2026-07-12 09:00:00";"已签收";"2026-07-19 10:14:17";"2026-07-09 08:08:11";;"255.00";"USD";"Новый HUAWEI Watch FIT 5 Pro White";"белый";;"4448907078";"WWFIT5PGWH";"255.00";"USD";"17168.00";"RUB";"1";;;;"255.00";"0%";"0.00";;;
"0109321187-0229";"0109321187-0229-1";"2026-07-08 08:37:32";"2026-07-12 09:00:00";"2026-07-12 09:00:00";"已签收";"2026-07-23 14:34:21";"2026-07-09 08:07:32";;"240.00";"USD";"Новый HUAWEI Watch FIT 5 Pro Black";"черный";;"4448902531";"WWFIT5PGBL";"240.00";"USD";"16158.00";"RUB";"1";;;;"240.00";"0%";"0.00";;;
"25646033-0217";"25646033-0217-1";"2026-07-08 09:27:20";"2026-07-13 09:00:00";"2026-07-13 09:00:00";"已签收";"2026-07-24 13:55:32";"2026-07-09 08:08:12";;"240.00";"USD";"Новый HUAWEI Watch FIT 5 Pro Black";"черный";;"4448902531";"WWFIT5PGBL";"240.00";"USD";"16158.00";"RUB";"1";;;;"240.00";"0%";"0.00";;;
"56160855-0108";"56160855-0108-1";"2026-07-08 11:18:24";"2026-07-13 09:00:00";"2026-07-13 09:00:00";"已签收";"2026-07-23 14:21:30";"2026-07-11 06:16:07";;"27.00";"USD";"Новый HONOR CHOICE Watch 2i Black";"черный";;"4868499532";"WHCW2IGBL";"27.00";"USD";"2026.00";"RUB";"1";;;;"27.00";"0%";"0.00";;;
"87294309-0012";"87294309-0012-1";"2026-07-08 13:25:28";"2026-07-13 09:00:00";"2026-07-13 09:00:00";"已签收";"2026-07-28 07:15:00";"2026-07-09 08:07:52";;"240.00";"USD";"Новый HUAWEI Watch FIT 5 Pro Black";"черный";;"4448902531";"WWFIT5PGBL";"240.00";"USD";"16819.00";"RUB";"1";;;;"240.00";"0%";"0.00";;;
"0104903916-0535";"0104903916-0535-1";"2026-07-08 16:20:35";"2026-07-13 09:00:00";"2026-07-13 09:00:00";"已取消";;"2026-07-09 07:52:09";"2026-07-24 15:01:31";"319.00";"USD";"Новый realme Pad 3 5G 8/256GB Gery";"черно-серый";;"4272301876";"DRPD35GGE8256GR";"319.00";"USD";"21599.00";"RUB";"1";;;;"319.00";"0%";"0.00";;;
"0106715549-0375";"0106715549-0375-1";"2026-07-08 17:01:01";"2026-07-13 09:00:00";"2026-07-13 09:00:00";"已签收";"2026-07-18 13:22:12";"2026-07-09 08:07:52";;"240.00";"USD";"Новый HUAWEI Watch FIT 5 Pro Black";"черный";;"4448902531";"WWFIT5PGBL";"240.00";"USD";"16158.00";"RUB";"1";;;;"240.00";"0%";"0.00";;;
"0132761275-0087";"0132761275-0087-1";"2026-07-08 17:56:36";"2026-07-13 09:00:00";"2026-07-13 09:00:00";"已签收";"2026-07-22 08:33:58";"2026-07-09 08:07:32";;"240.00";"USD";"Новый HUAWEI Watch FIT 5 Pro Black";"черный";;"4448902531";"WWFIT5PGBL";"240.00";"USD";"16819.00";"RUB";"1";;;;"240.00";"0%";"0.00";;;
"31638578-0046";"31638578-0046-1";"2026-07-08 19:29:03";"2026-07-13 09:00:00";"2026-07-13 09:00:00";"已签收";"2026-07-18 14:09:08";"2026-07-09 08:07:52";;"240.00";"USD";"Новый HUAWEI Watch FIT 5 Pro Black";"черный";;"4448902531";"WWFIT5PGBL";"240.00";"USD";"16158.00";"RUB";"1";;;;"240.00";"0%";"0.00";;;
"19676561-0552";"19676561-0552-1";"2026-07-08 19:54:51";"2026-07-13 09:00:00";"2026-07-13 09:00:00";"已取消";;;"2026-07-08 20:38:30";"115.00";"USD";"Медиаплеер Google TV Streamer 4K Android, 4 ГБ/32 ГБ, Bluetooth, Wi-Fi, Hazel";"серый";;"4860622231";"TGGTV4KUSBL";"115.00";"USD";"7523.00";"RUB";"1";;;;"115.00";"0%";"0.00";;;
"37695542-0741";"37695542-0741-1";"2026-07-09 00:23:46";"2026-07-13 09:00:00";"2026-07-13 09:00:00";"已签收";"2026-07-21 11:57:54";"2026-07-09 08:07:32";;"240.00";"USD";"Новый HUAWEI Watch FIT 5 Pro Black";"черный";;"4448902531";"WWFIT5PGBL";"240.00";"USD";"16217.00";"RUB";"1";;;;"240.00";"0%";"0.00";;;
"85470614-0304";"85470614-0304-1";"2026-07-09 03:33:04";"2026-07-13 09:00:00";"2026-07-13 09:00:00";"已签收";"2026-07-24 13:35:16";"2026-07-10 08:47:42";;"52.00";"USD";"Новый HONOR CHOICE Earbuds Clip Black";"черный";;"4975336991";"EHCEBCPGBL";"52.00";"USD";"3434.00";"RUB";"1";;;;"52.00";"0%";"0.00";;;
"0170912562-0011";"0170912562-0011-1";"2026-07-09 04:16:13";"2026-07-13 09:00:00";"2026-07-13 09:00:00";"已签收";"2026-07-23 16:35:04";"2026-07-10 08:50:42";;"350.00";"USD";"Новый HUAWEI WATCH D2 Black";"черный";;"3071371250";"WWWD2GBL";"350.00";"USD";"23650.00";"RUB";"1";;;;"350.00";"0%";"0.00";;;
"39139271-0217";"39139271-0217-2";"2026-07-09 07:01:58";"2026-07-13 09:00:00";"2026-07-13 09:00:00";"已签收";"2026-07-24 07:26:54";"2026-07-10 08:49:57";;"30.40";"USD";"Новый HONOR CHOICE Earbuds X7 Pro Gery";"черно-серый";;"4633712503";"EHEX7PREGR";"30.40";"USD";"2280.00";"RUB";"1";;;;"30.40";"0%";"0.00";;;
"32882382-1037";"32882382-1037-1";"2026-07-09 07:59:50";"2026-07-13 09:00:00";"2026-07-13 09:00:00";"已取消";;"2026-07-10 08:49:50";"2026-07-27 15:06:09";"255.00";"USD";"Новый HUAWEI Watch FIT 5 Pro White";"белый";;"4448907078";"WWFIT5PGWH";"255.00";"USD";"17230.00";"RUB";"1";;;;"255.00";"0%";"0.00";;;
"07864489-0146";"07864489-0146-1";"2026-07-09 11:08:55";"2026-07-14 09:00:00";"2026-07-14 09:00:00";"已签收";"2026-08-01 06:44:50";"2026-07-10 05:07:28";;"319.00";"USD";"Новый realme Pad 3 5G 8/256GB Gery";"черно-серый";;"4272301876";"DRPD35GGE8256GR";"319.00";"USD";"21677.00";"RUB";"1";;;;"319.00";"0%";"0.00";;;
"50749119-0363";"50749119-0363-1";"2026-07-09 11:49:37";"2026-07-14 09:00:00";"2026-07-14 09:00:00";"已签收";"2026-07-30 05:20:00";"2026-07-10 08:50:11";;"165.00";"USD";"Новый HUAWEI Watch FIT 5 White";"белый";;"4448233307";"WWFIT5GWH";"165.00";"USD";"11149.00";"RUB";"1";;;;"165.00";"0%";"0.00";;;
"02251255-0378";"02251255-0378-1";"2026-07-09 12:31:56";"2026-07-14 09:00:00";"2026-07-14 09:00:00";"已签收";"2026-07-22 13:05:22";"2026-07-10 08:51:42";;"289.80";"USD";"Новый OPPO Watch X3 Gery";"серебристый";;"4243562678";"WOPWTHX3GGR";"289.80";"USD";"19582.00";"RUB";"1";;;;"289.80";"0%";"0.00";;;
"64062477-0094";"64062477-0094-1";"2026-07-09 18:24:08";"2026-07-14 23:00:00";"2026-07-14 23:00:00";"已签收";"2026-07-22 14:39:08";"2026-07-10 08:38:33";;"180.00";"USD";"Новый HUAWEI Watch FIT 4 Pro Blue";"голубой";;"3075996223";"WWFIT4PGBU";"180.00";"USD";"12163.00";"RUB";"1";;;;"180.00";"0%";"0.00";;;
"41833265-0970";"41833265-0970-1";"2026-07-09 20:21:56";"2026-07-14 09:00:00";"2026-07-14 09:00:00";"已签收";"2026-07-23 14:35:22";"2026-07-10 08:49:14";;"115.00";"USD";"Медиаплеер Google TV Streamer 4K Android, 4 ГБ/32 ГБ, Bluetooth, Wi-Fi, Hazel";"серый";;"4860622231";"TGGTV4KUSBL";"115.00";"USD";"7550.00";"RUB";"1";;;;"115.00";"0%";"0.00";;;
"07295555-0403";"07295555-0403-1";"2026-07-09 22:35:50";"2026-07-14 09:00:00";"2026-07-14 09:00:00";"已取消";;"2026-07-10 08:49:31";"2026-07-23 17:34:12";"240.00";"USD";"Новый HUAWEI Watch FIT 5 Pro Black";"черный";;"4448902531";"WWFIT5PGBL";"240.00";"USD";"16776.00";"RUB";"1";;;;"240.00";"0%";"0.00";;;
"33799783-0165";"33799783-0165-1";"2026-07-10 05:32:50";"2026-07-14 09:00:00";"2026-07-14 09:00:00";"已签收";"2026-07-23 11:52:51";"2026-07-11 10:02:29";;"350.00";"USD";"Новый HUAWEI WATCH D2 Black";"черный";;"3071371250";"WWWD2GBL";"350.00";"USD";"23503.00";"RUB";"1";;;;"350.00";"0%";"0.00";;;
"43501167-0165";"43501167-0165-1";"2026-07-10 08:33:24";"2026-07-14 09:00:00";"2026-07-14 09:00:00";"已签收";"2026-07-26 09:25:42";"2026-07-11 06:14:54";;"255.00";"USD";"Новый HUAWEI Watch FIT 5 Pro Black";"черный";;"4448902531";"WWFIT5PGBL";"255.00";"USD";"17124.00";"RUB";"1";;;;"255.00";"0%";"0.00";;;
"0139341329-0149";"0139341329-0149-1";"2026-07-10 11:49:06";"2026-07-15 09:00:00";"2026-07-15 09:00:00";"已签收";"2026-07-28 13:16:17";"2026-07-11 06:07:54";;"153.10";"USD";"Новый HUAWEI Watch FIT 5 Black";"черный";;"4448221487";"WWFIT5GBL";"153.10";"USD";"10281.00";"RUB";"1";;;;"153.10";"0%";"0.00";;;
"0148616581-0053";"0148616581-0053-1";"2026-07-10 13:36:55";"2026-07-15 09:00:00";"2026-07-15 09:00:00";"已签收";"2026-07-23 16:40:34";"2026-07-11 06:16:07";;"255.00";"USD";"Новый HUAWEI Watch FIT 5 Pro Black";"черный";;"4448902531";"WWFIT5PGBL";"255.00";"USD";"16624.00";"RUB";"1";;;;"255.00";"0%";"0.00";;;
"0149953309-0061";"0149953309-0061-1";"2026-07-10 14:03:46";"2026-07-15 09:00:00";"2026-07-15 09:00:00";"已签收";"2026-07-27 17:04:19";"2026-07-11 06:08:18";;"153.10";"USD";"Новый HUAWEI Watch FIT 5 Black";"черный";;"4448221487";"WWFIT5GBL";"153.10";"USD";"10281.00";"RUB";"1";;;;"153.10";"0%";"0.00";;;
"08367290-0163";"08367290-0163-1";"2026-07-10 15:19:34";"2026-07-15 09:00:00";"2026-07-15 09:00:00";"已签收";"2026-07-26 12:44:41";"2026-07-11 06:14:21";;"255.00";"USD";"Новый HUAWEI Watch FIT 5 Pro White";"белый";;"4448907078";"WWFIT5PGWH";"255.00";"USD";"17124.00";"RUB";"1";;;;"255.00";"0%";"0.00";;;
"0110022180-0195";"0110022180-0195-1";"2026-07-10 21:09:33";"2026-07-15 09:00:00";"2026-07-15 09:00:00";"已签收";"2026-07-26 05:32:20";"2026-07-11 06:08:18";;"255.00";"USD";"Новый HUAWEI Watch FIT 5 Pro Black";"черный";;"4448902531";"WWFIT5PGBL";"255.00";"USD";"17290.00";"RUB";"1";;;;"255.00";"0%";"0.00";;;
"0169394483-0012";"0169394483-0012-1";"2026-07-11 06:14:22";"2026-07-15 09:00:00";"2026-07-15 09:00:00";"已签收";"2026-07-23 15:59:36";"2026-07-13 08:16:10";;"153.10";"USD";"Новый HUAWEI Watch FIT 5 Black";"черный";;"4448221487";"WWFIT5GBL";"153.10";"USD";"10381.00";"RUB";"1";;;;"153.10";"0%";"0.00";;;
"43870822-0329";"43870822-0329-1";"2026-07-11 08:43:41";"2026-07-15 09:00:00";"2026-07-15 09:00:00";"已签收";"2026-07-24 16:11:04";"2026-07-13 09:14:23";;"275.50";"USD";"Новый Garmin Edge 540 велокомпьютер с GPS(Standard Edition) 010-02694-04";"черный";;"2918882869";"WGMED540ECBL";"275.50";"USD";"17194.00";"RUB";"1";;;;"275.50";"0%";"0.00";;;
"57192971-0119";"57192971-0119-1";"2026-07-11 13:35:11";"2026-07-16 09:00:00";"2026-07-16 09:00:00";"已签收";"2026-08-07 12:28:16";"2026-07-13 05:15:08";;"350.00";"USD";"Новый realme Pad 3 5G 8/256GB Gery";"черно-серый";;"4272301876";"DRPD35GGE8256GR";"350.00";"USD";"23866.00";"RUB";"1";;;;"350.00";"0%";"0.00";;;
"0194090747-0215";"0194090747-0215-1";"2026-07-11 14:10:55";"2026-07-16 09:00:00";"2026-07-16 09:00:00";"已取消";;"2026-07-13 09:12:47";"2026-07-27 13:16:19";"11.40";"USD";"Новый HONOR CHOICE Earbuds X7i White";"белый";;"4607355094";"EHEX7IEWH";"11.40";"USD";"875.00";"RUB";"1";;;;"11.40";"0%";"0.00";;;
"33414951-0520";"33414951-0520-1";"2026-07-11 22:26:19";"2026-07-16 09:00:00";"2026-07-16 09:00:00";"已签收";"2026-07-24 10:29:33";"2026-07-13 09:14:43";;"275.50";"USD";"Новый Garmin Edge 540 велокомпьютер с GPS(Standard Edition) 010-02694-04";"черный";;"2918882869";"WGMED540ECBL";"275.50";"USD";"17194.00";"RUB";"1";;;;"275.50";"0%";"0.00";;;
"0146985459-0050";"0146985459-0050-1";"2026-07-12 02:34:28";"2026-07-17 23:00:00";"2026-07-17 23:00:00";"已取消";;"2026-07-14 08:04:36";"2026-08-01 09:24:01";"60.00";"USD";"Новый realme Buds Air7 Pro Grey";"черный";;"2029781938";"ERAIR7PGGR1";"60.00";"USD";"4516.00";"RUB";"1";;;;"60.00";"0%";"0.00";;;
"05729527-0269";"05729527-0269-1";"2026-07-12 08:02:59";"2026-07-16 09:00:00";"2026-07-16 09:00:00";"已签收";"2026-07-23 15:31:48";"2026-07-13 08:16:41";;"27.00";"USD";"Новый HONOR CHOICE Watch 2i Black";"черный";;"4868499532";"WHCW2IGBL";"27.00";"USD";"2041.00";"RUB";"1";;;;"27.00";"0%";"0.00";;;
"34118822-0275";"34118822-0275-1";"2026-07-12 08:18:34";"2026-07-16 09:00:00";"2026-07-16 09:00:00";"已签收";"2026-07-24 12:19:23";"2026-07-13 09:12:36";;"153.10";"USD";"Новый HUAWEI Watch FIT 5 Black";"черный";;"4448221487";"WWFIT5GBL";"153.10";"USD";"10381.00";"RUB";"1";;;;"153.10";"0%";"0.00";;;
"37137668-0158";"37137668-0158-1";"2026-07-12 12:36:04";"2026-07-17 09:00:00";"2026-07-17 09:00:00";"已签收";"2026-07-23 15:41:05";"2026-07-13 09:14:22";;"153.10";"USD";"Новый HUAWEI Watch FIT 5 Black";"черный";;"4448221487";"WWFIT5GBL";"153.10";"USD";"10805.00";"RUB";"1";;;;"153.10";"0%";"0.00";;;
"52129399-0867";"52129399-0867-1";"2026-07-12 15:15:41";"2026-07-17 09:00:00";"2026-07-17 09:00:00";"已签收";"2026-07-26 15:54:10";"2026-07-13 09:12:11";;"11.40";"USD";"Новый HONOR CHOICE Earbuds X7i White";"белый";;"4607355094";"EHEX7IEWH";"11.40";"USD";"877.00";"RUB";"1";;;;"11.40";"0%";"0.00";;;
"09609159-0234";"09609159-0234-1";"2026-07-12 16:15:34";"2026-07-17 09:00:00";"2026-07-17 09:00:00";"已签收";"2026-07-23 15:15:45";"2026-07-13 09:04:06";;"365.00";"USD";"Новый Garmin Forerunner 170 White";"белый";;"4698061080";"WGMF170KWH";"365.00";"USD";"24748.00";"RUB";"1";;;;"365.00";"0%";"0.00";;;
"14664877-0133";"14664877-0133-1";"2026-07-12 16:52:07";"2026-07-17 09:00:00";"2026-07-17 09:00:00";"已签收";"2026-07-23 15:15:06";"2026-07-13 05:15:08";;"320.00";"USD";"Новый realme Pad 3 8/256GB Gery";"темно-серый";;"4276994184";"DRPD3WFGU8256GR";"320.00";"USD";"21820.00";"RUB";"1";;;;"320.00";"0%";"0.00";;;
"33314539-0402";"33314539-0402-1";"2026-07-12 18:51:20";"2026-07-17 09:00:00";"2026-07-17 09:00:00";"已签收";"2026-07-27 15:32:01";"2026-07-13 09:14:43";;"275.50";"USD";"Новый Garmin Edge 540 велокомпьютер с GPS(Standard Edition) 010-02694-04";"черный";;"2918882869";"WGMED540ECBL";"275.50";"USD";"17194.00";"RUB";"1";;;;"275.50";"0%";"0.00";;;
"46056088-0241";"46056088-0241-1";"2026-07-13 10:09:04";"2026-07-18 09:00:00";"2026-07-18 09:00:00";"已签收";"2026-07-24 10:19:02";"2026-07-14 07:22:43";;"153.10";"USD";"Новый HUAWEI Watch FIT 5 Black";"черный";;"4448221487";"WWFIT5GBL";"153.10";"USD";"10381.00";"RUB";"1";;;;"153.10";"0%";"0.00";;;
"06197839-0411";"06197839-0411-1";"2026-07-13 12:23:28";"2026-07-18 09:00:00";"2026-07-18 09:00:00";"已取消";;"2026-07-14 07:20:51";"2026-07-26 12:04:14";"10.90";"USD";"Новый HONOR CHOICE Earbuds X7 Play White";"белый";;"4634388090";"EHEX7PLEWH";"10.90";"USD";"840.00";"RUB";"1";;;;"10.90";"0%";"0.00";;;
"32554929-0491";"32554929-0491-1";"2026-07-13 15:07:40";"2026-07-18 09:00:00";"2026-07-18 09:00:00";"已取消";;;"2026-07-13 15:07:53";"153.10";"USD";"Новый HUAWEI Watch FIT 5 Black";"черный";;"4448221487";"WWFIT5GBL";"153.10";"USD";"10381.00";"RUB";"1";;;;"153.10";"0%";"0.00";;;
"0135431786-0164";"0135431786-0164-2";"2026-07-14 08:53:58";"2026-07-18 09:00:00";"2026-07-18 09:00:00";"已签收";"2026-07-29 12:21:40";"2026-07-15 06:07:22";;"153.10";"USD";"Новый HUAWEI Watch FIT 5 Black";"черный";;"4448221487";"WWFIT5GBL";"153.10";"USD";"10367.64";"RUB";"1";;;;"153.10";"0%";"0.00";;;
"0233067530-0427";"0233067530-0427-1";"2026-07-14 09:48:49";"2026-07-19 09:00:00";"2026-07-19 09:00:00";"已取消";;"2026-07-15 06:07:14";"2026-07-30 12:51:11";"45.00";"USD";"Новый HONOR CHOICE Watch 2 Pro Black";"черный";;"4868560221";"WHCW2PGBL";"45.00";"USD";"3399.00";"RUB";"1";;;;"45.00";"0%";"0.00";;;
"68707570-0362";"68707570-0362-1";"2026-07-14 13:57:35";"2026-07-19 09:00:00";"2026-07-19 09:00:00";"已签收";"2026-07-26 08:38:58";"2026-07-15 06:07:30";;"153.10";"USD";"Новый HUAWEI Watch FIT 5 Black";"черный";;"4448221487";"WWFIT5GBL";"153.10";"USD";"10375.00";"RUB";"1";;;;"153.10";"0%";"0.00";;;
"0137346255-0183";"0137346255-0183-1";"2026-07-14 22:33:34";"2026-07-19 09:00:00";"2026-07-19 09:00:00";"已签收";"2026-07-24 08:56:52";"2026-07-15 06:07:22";;"18.20";"USD";"Новый HONOR CHOICE Earbuds X8 White";"белый";;"4606441988";"EHEX8EWH";"18.20";"USD";"1416.00";"RUB";"1";;;;"18.20";"0%";"0.00";;;
"55354817-0381";"55354817-0381-1";"2026-07-15 03:17:28";"2026-07-19 09:00:00";"2026-07-19 09:00:00";"已签收";"2026-08-02 11:38:10";"2026-07-16 08:29:20";;"153.10";"USD";"Новый HUAWEI Watch FIT 5 Black";"черный";;"4448221487";"WWFIT5GBL";"153.10";"USD";"10492.00";"RUB";"1";;;;"153.10";"0%";"0.00";;;
"38605286-0342";"38605286-0342-1";"2026-07-15 07:12:32";"2026-07-19 09:00:00";"2026-07-19 09:00:00";"已签收";"2026-07-29 13:13:49";"2026-07-16 08:29:02";;"115.00";"USD";"Медиаплеер Google TV Streamer 4K Android, 4 ГБ/32 ГБ, Bluetooth, Wi-Fi, Hazel";"серый";;"4860622231";"TGGTV4KUSBL";"115.00";"USD";"7657.00";"RUB";"1";;;;"115.00";"0%";"0.00";;;
"38605286-0343";"38605286-0343-1";"2026-07-15 07:14:10";"2026-07-19 09:00:00";"2026-07-19 09:00:00";"已签收";"2026-07-31 12:18:17";"2026-07-16 08:29:08";;"115.00";"USD";"Медиаплеер Google TV Streamer 4K Android, 4 ГБ/32 ГБ, Bluetooth, Wi-Fi, Hazel";"серый";;"4860622231";"TGGTV4KUSBL";"115.00";"USD";"7657.00";"RUB";"1";;;;"115.00";"0%";"0.00";;;
"0112556464-0171";"0112556464-0171-1";"2026-07-15 08:43:00";"2026-07-19 09:00:00";"2026-07-19 09:00:00";"已签收";"2026-07-27 15:05:47";"2026-07-16 08:29:13";;"260.00";"USD";"Новый HUAWEI Watch FIT 5 Pro Black";"черный";;"4448902531";"WWFIT5PGBL";"260.00";"USD";"17819.00";"RUB";"1";;;;"260.00";"0%";"0.00";;;
"44893199-0453";"44893199-0453-1";"2026-07-16 03:53:13";"2026-07-20 09:00:00";"2026-07-20 09:00:00";"已签收";"2026-07-27 06:40:23";"2026-07-17 04:48:00";;"275.50";"USD";"Новый Garmin Edge 540 велокомпьютер с GPS(Standard Edition) 010-02694-04";"черный";;"2918882869";"WGMED540ECBL";"275.50";"USD";"17484.00";"RUB";"1";;;;"275.50";"0%";"0.00";;;
"26384764-0247";"26384764-0247-1";"2026-07-16 05:48:01";"2026-07-20 09:00:00";"2026-07-20 09:00:00";"已签收";"2026-07-26 17:36:38";"2026-07-17 04:47:53";;"275.50";"USD";"Новый Garmin Edge 540 велокомпьютер с GPS(Standard Edition) 010-02694-04";"черный";;"2918882869";"WGMED540ECBL";"275.50";"USD";"17484.00";"RUB";"1";;;;"275.50";"0%";"0.00";;;
"43400471-0724";"43400471-0724-1";"2026-07-16 11:07:33";"2026-07-21 09:00:00";"2026-07-21 09:00:00";"已取消";;;"2026-07-16 11:15:06";"305.00";"USD";"Новый Garmin Vivoactive 6 White";"кремовый";;"2442076463";"WGMVVAT6KWH";"305.00";"USD";"23896.00";"RUB";"1";;;;"305.00";"0%";"0.00";;;
"50579747-0653";"50579747-0653-1";"2026-07-16 12:57:12";"2026-07-21 09:00:00";"2026-07-21 09:00:00";"已取消";;;"2026-07-16 19:51:44";"80.00";"USD";"Новый Amazfit Active Black";"черный";;"5054643060";"WAATGBL";"80.00";"USD";"5516.00";"RUB";"1";;;;"80.00";"0%";"0.00";;;
"59364400-0042";"59364400-0042-1";"2026-07-17 03:30:20";"2026-07-21 09:00:00";"2026-07-21 09:00:00";"已签收";"2026-07-27 13:44:09";"2026-07-18 06:37:57";;"45.20";"USD";"Новый HONOR CHOICE Earbuds Clip Black";"черный";;"4975336991";"EHCEBCPGBL";"45.20";"USD";"3445.00";"RUB";"1";;;;"45.20";"0%";"0.00";;;
"40944151-0375";"40944151-0375-1";"2026-07-17 06:31:38";"2026-07-21 09:00:00";"2026-07-21 09:00:00";"已签收";"2026-07-28 15:21:49";"2026-07-18 08:48:12";;"305.00";"USD";"Новый Garmin Vivoactive 6 White";"кремовый";;"2442076463";"WGMVVAT6KWH";"305.00";"USD";"24006.00";"RUB";"1";;;;"305.00";"0%";"0.00";;;
"0188143299-0048";"0188143299-0048-1";"2026-07-17 21:37:27";"2026-07-22 09:00:00";"2026-07-22 09:00:00";"已签收";"2026-07-29 12:41:32";"2026-07-18 06:37:50";;"122.00";"USD";"Новый HUAWEI FreeBuds Pro 4 White";"белый";;"1816788351";"EWFBP4KWH";"122.00";"USD";"8300.00";"RUB";"1";;;;"130.00";"6%";"8.00";"Эластичный бустинг. Без ограничения срока действия";;
"0129098482-0054";"0129098482-0054-1";"2026-07-18 03:43:06";"2026-07-22 09:00:00";"2026-07-22 09:00:00";"已签收";"2026-07-28 16:54:48";"2026-07-20 07:07:17";;"122.00";"USD";"Новый HUAWEI FreeBuds Pro 4 White";"белый";;"1816788351";"EWFBP4KWH";"122.00";"USD";"8315.00";"RUB";"1";;;;"130.00";"6%";"8.00";"Эластичный бустинг. Без ограничения срока действия";;
"14721631-0341";"14721631-0341-1";"2026-07-19 09:09:06";"2026-07-24 09:00:00";"2026-07-24 09:00:00";"已签收";"2026-07-28 10:21:44";"2026-07-20 07:07:17";;"122.00";"USD";"Новый HUAWEI FreeBuds Pro 4 White";"белый";;"1816788351";"EWFBP4KWH";"122.00";"USD";"8315.00";"RUB";"1";;;;"130.00";"6%";"8.00";"Эластичный бустинг. Без ограничения срока действия";;
"0165251876-0299";"0165251876-0299-1";"2026-07-19 12:23:07";"2026-07-24 09:00:00";"2026-07-24 09:00:00";"已取消";;;"2026-07-19 12:41:08";"350.00";"USD";"Новый realme Pad 3 5G 8/256GB Gery";"черно-серый";;"4272301876";"DRPD35GGE8256GR";"350.00";"USD";"24405.00";"RUB";"1";;;;"350.00";"0%";"0.00";;;
"0173314238-0236";"0173314238-0236-1";"2026-07-19 16:09:30";"2026-07-24 09:00:00";"2026-07-24 09:00:00";"已取消";;;"2026-07-19 17:28:04";"350.00";"USD";"Новый realme Pad 3 5G 8/256GB Gery";"черно-серый";;"4272301876";"DRPD35GGE8256GR";"350.00";"USD";"24405.00";"RUB";"1";;;;"350.00";"0%";"0.00";;;"包含在配送费用中"
"42350475-0258";"42350475-0258-1";"2026-07-19 16:19:53";"2026-07-24 09:00:00";"2026-07-24 09:00:00";"已签收";"2026-07-29 13:40:32";"2026-07-20 07:07:26";;"275.50";"USD";"Новый Garmin Edge 540 велокомпьютер с GPS(Standard Edition) 010-02694-04";"черный";;"2918882869";"WGMED540ECBL";"275.50";"USD";"17583.00";"RUB";"1";;;;"275.50";"0%";"0.00";;;
"0173314238-0238";"0173314238-0238-1";"2026-07-19 17:33:04";"2026-07-24 09:00:00";"2026-07-24 09:00:00";"已签收";"2026-07-28 12:51:32";"2026-07-20 03:06:20";;"350.00";"USD";"Новый realme Pad 3 5G 8/256GB Gery";"черно-серый";;"4272301876";"DRPD35GGE8256GR";"350.00";"USD";"24405.00";"RUB";"1";;;;"350.00";"0%";"0.00";;;
"93923573-0379";"93923573-0379-1";"2026-07-19 20:40:59";"2026-07-24 09:00:00";"2026-07-24 09:00:00";"已签收";"2026-07-29 08:02:41";"2026-07-20 07:07:17";;"122.00";"USD";"Новый HUAWEI FreeBuds Pro 4 White";"белый";;"1816788351";"EWFBP4KWH";"122.00";"USD";"8315.00";"RUB";"1";;;;"130.00";"6%";"8.00";"Эластичный бустинг. Без ограничения срока действия";;
"91519514-0159";"91519514-0159-1";"2026-07-20 03:15:19";"2026-07-24 09:00:00";"2026-07-24 09:00:00";"已取消";;;"2026-07-20 03:18:27";"122.00";"USD";"Новый HUAWEI FreeBuds Pro 4 White";"белый";;"1816788351";"EWFBP4KWH";"122.00";"USD";"8315.00";"RUB";"1";;;;"130.00";"6%";"8.00";"Эластичный бустинг. Без ограничения срока действия";;
"18825024-0679";"18825024-0679-1";"2026-07-20 05:17:20";"2026-07-24 09:00:00";"2026-07-24 09:00:00";"已签收";"2026-07-31 12:15:35";"2026-07-21 08:36:01";;"275.50";"USD";"Новый Garmin Edge 540 велокомпьютер с GPS(Standard Edition) 010-02694-04";"черный";;"2918882869";"WGMED540ECBL";"275.50";"USD";"17583.00";"RUB";"1";;;;"275.50";"0%";"0.00";;;
"0132631875-0070";"0132631875-0070-1";"2026-07-20 06:49:11";"2026-07-24 09:00:00";"2026-07-24 09:00:00";"已签收";"2026-07-30 06:05:19";"2026-07-21 08:37:01";;"122.00";"USD";"Новый HUAWEI FreeBuds Pro 4 White";"белый";;"1816788351";"EWFBP4KWH";"122.00";"USD";"8704.00";"RUB";"1";;;;"130.00";"6%";"8.00";"Эластичный бустинг. Без ограничения срока действия";;
"27295061-0023";"27295061-0023-1";"2026-07-20 07:14:51";"2026-07-24 09:00:00";"2026-07-24 09:00:00";"已签收";"2026-07-30 11:04:58";"2026-07-21 08:35:27";;"122.00";"USD";"Новый HUAWEI FreeBuds Pro 4 White";"белый";;"1816788351";"EWFBP4KWH";"122.00";"USD";"8704.00";"RUB";"1";;;;"130.00";"6%";"8.00";"Эластичный бустинг. Без ограничения срока действия";;
"03640793-0184";"03640793-0184-1";"2026-07-20 11:10:17";"2026-07-25 09:00:00";"2026-07-25 09:00:00";"已签收";"2026-07-29 14:34:16";"2026-07-21 08:37:21";;"122.00";"USD";"Новый HUAWEI FreeBuds Pro 4 White";"белый";;"1816788351";"EWFBP4KWH";"122.00";"USD";"8704.00";"RUB";"1";;;;"130.00";"6%";"8.00";"Эластичный бустинг. Без ограничения срока действия";;
"03640793-0184";"03640793-0184-2";"2026-07-20 11:10:17";"2026-07-25 09:00:00";"2026-07-25 09:00:00";"已签收";"2026-07-29 14:34:16";"2026-07-21 08:36:01";;"122.00";"USD";"Новый HUAWEI FreeBuds Pro 4 White";"белый";;"1816788351";"EWFBP4KWH";"122.00";"USD";"8704.00";"RUB";"1";;;;"130.00";"6%";"8.00";"Эластичный бустинг. Без ограничения срока действия";;
"24854894-0248";"24854894-0248-1";"2026-07-21 06:46:26";"2026-07-25 09:00:00";"2026-07-25 09:00:00";"已签收";"2026-07-30 13:04:53";"2026-07-22 09:16:36";;"75.00";"USD";"Новый Xiaomi Smart Band 10 Pro Silver";"серебристый";;"4858613390";"BX10PROGSR";"75.00";"USD";"5224.00";"RUB";"1";;;;"75.00";"0%";"0.00";;;
"12305501-0220";"12305501-0220-1";"2026-07-21 07:44:11";"2026-07-25 09:00:00";"2026-07-25 09:00:00";"已签收";"2026-08-02 09:18:32";"2026-07-22 09:16:37";;"75.00";"USD";"Новый Xiaomi Smart Band 10 Pro Black";"черный";;"4858621662";"BX10PROGBL";"75.00";"USD";"5224.00";"RUB";"1";;;;"75.00";"0%";"0.00";;;
"00351499-0466";"00351499-0466-1";"2026-07-21 09:15:45";"2026-07-26 09:00:00";"2026-07-26 09:00:00";"已签收";"2026-07-31 07:45:29";"2026-07-22 09:16:38";;"75.00";"USD";"Новый Xiaomi Smart Band 10 Pro Black";"черный";;"4858621662";"BX10PROGBL";"75.00";"USD";"5224.00";"RUB";"1";;;;"75.00";"0%";"0.00";;;
"0125897768-0057";"0125897768-0057-3";"2026-07-21 09:18:16";"2026-07-26 09:00:00";"2026-07-26 09:00:00";"已签收";"2026-08-01 09:49:04";"2026-07-22 09:16:38";;"75.00";"USD";"Новый Xiaomi Smart Band 10 Pro Black";"черный";;"4858621662";"BX10PROGBL";"75.00";"USD";"5224.00";"RUB";"1";;;;"75.00";"0%";"0.00";;;
"0128351279-0788";"0128351279-0788-1";"2026-07-21 11:27:19";"2026-07-26 09:00:00";"2026-07-26 09:00:00";"已签收";"2026-08-02 13:34:39";"2026-07-22 09:16:36";;"80.00";"USD";"Новый Amazfit Active Black";"черный";;"5054643060";"WAATGBL";"80.00";"USD";"5541.00";"RUB";"1";;;;"80.00";"0%";"0.00";;;
"13601270-0800";"13601270-0800-1";"2026-07-21 11:51:05";"2026-07-26 09:00:00";"2026-07-26 09:00:00";"已签收";"2026-07-29 14:02:03";"2026-07-22 09:16:37";;"122.00";"USD";"Новый HUAWEI FreeBuds Pro 4 White";"белый";;"1816788351";"EWFBP4KWH";"122.00";"USD";"8291.00";"RUB";"1";;;;"130.00";"6%";"8.00";"Эластичный бустинг. Без ограничения срока действия";;
"39286390-0383";"39286390-0383-1";"2026-07-21 13:36:52";"2026-07-26 09:00:00";"2026-07-26 09:00:00";"已签收";"2026-07-29 15:16:25";"2026-07-22 09:16:38";;"75.00";"USD";"Новый Xiaomi Smart Band 10 Pro Black";"черный";;"4858621662";"BX10PROGBL";"75.00";"USD";"5428.00";"RUB";"1";;;;"75.00";"0%";"0.00";;;
"64780170-0327";"64780170-0327-1";"2026-07-21 14:18:24";"2026-07-26 09:00:00";"2026-07-26 09:00:00";"已签收";"2026-07-31 08:25:29";"2026-07-22 09:16:36";;"122.00";"USD";"Новый HUAWEI FreeBuds Pro 4 White";"белый";;"1816788351";"EWFBP4KWH";"122.00";"USD";"8210.00";"RUB";"1";;;;"130.00";"6%";"8.00";"Эластичный бустинг. Без ограничения срока действия";;
"25097725-0612";"25097725-0612-2";"2026-07-21 19:06:54";"2026-07-26 09:00:00";"2026-07-26 09:00:00";"已签收";"2026-07-30 12:58:18";"2026-07-22 09:16:37";;"275.50";"USD";"Новый Garmin Edge 540 велокомпьютер с GPS(Standard Edition) 010-02694-04";"черный";;"2918882869";"WGMED540ECBL";"275.50";"USD";"17564.00";"RUB";"1";;;;"275.50";"0%";"0.00";;;
"33835841-0277";"33835841-0277-1";"2026-07-21 19:08:16";"2026-07-26 09:00:00";"2026-07-26 09:00:00";"已签收";"2026-07-31 14:20:14";"2026-07-22 09:16:56";;"80.00";"USD";"Новый Amazfit Active Pink";"розовый";;"5054642580";"WAATGPK";"80.00";"USD";"5541.00";"RUB";"1";;;;"80.00";"0%";"0.00";;;
"0144641275-0427";"0144641275-0427-1";"2026-07-21 20:37:24";"2026-07-26 23:00:00";"2026-07-26 23:00:00";"已取消";;;"2026-07-22 03:47:22";"45.00";"USD";"Новый Edifier W820NB Plus(2025 Version) Grey";"черно-серый";;"3076089960";"EEW820P25EGR";"45.00";"USD";"3429.00";"RUB";"1";;;;"45.00";"0%";"0.00";;;
"91896556-0047";"91896556-0047-1";"2026-07-21 22:51:37";"2026-07-26 09:00:00";"2026-07-26 09:00:00";"已签收";"2026-08-06 14:50:46";"2026-07-22 09:16:36";;"75.00";"USD";"Новый Xiaomi Smart Band 10 Pro Black";"черный";;"4858621662";"BX10PROGBL";"75.00";"USD";"5240.00";"RUB";"1";;;;"75.00";"0%";"0.00";;;
"04316195-0394";"04316195-0394-1";"2026-07-22 03:41:54";"2026-07-26 09:00:00";"2026-07-26 09:00:00";"已签收";"2026-08-06 11:13:45";"2026-07-23 04:07:22";;"275.50";"USD";"Новый Garmin Edge 540 велокомпьютер с GPS(Standard Edition) 010-02694-04";"черный";;"2918882869";"WGMED540ECBL";"275.50";"USD";"17617.00";"RUB";"1";;;;"275.50";"0%";"0.00";;;
"38685836-0317";"38685836-0317-1";"2026-07-22 07:20:28";"2026-07-26 09:00:00";"2026-07-26 09:00:00";"已签收";"2026-08-03 16:49:22";"2026-07-23 04:05:08";;"122.00";"USD";"Новый HUAWEI FreeBuds Pro 4 White";"белый";;"1816788351";"EWFBP4KWH";"122.00";"USD";"8235.00";"RUB";"1";;;;"130.00";"6%";"8.00";"Эластичный бустинг. Без ограничения срока действия";;
"72897656-0442";"72897656-0442-1";"2026-07-22 08:45:23";"2026-07-26 09:00:00";"2026-07-26 09:00:00";"已签收";"2026-08-02 13:26:55";"2026-07-23 02:37:24";;"350.00";"USD";"Новый realme Pad 3 5G 8/256GB Gery";"черно-серый";;"4272301876";"DRPD35GGE8256GR";"350.00";"USD";"24454.00";"RUB";"1";;;;"350.00";"0%";"0.00";;;
"0148442877-0082";"0148442877-0082-1";"2026-07-22 09:27:28";"2026-07-27 09:00:00";"2026-07-27 09:00:00";"已签收";"2026-08-05 08:57:03";"2026-07-23 04:07:53";;"75.00";"USD";"Новый Xiaomi Smart Band 10 Pro Black";"черный";;"4858621662";"BX10PROGBL";"75.00";"USD";"5240.00";"RUB";"1";;;;"75.00";"0%";"0.00";;;
"40428114-0665";"40428114-0665-1";"2026-07-22 09:36:36";"2026-07-27 09:00:00";"2026-07-27 09:00:00";"已签收";"2026-08-04 12:07:13";"2026-07-23 04:06:15";;"275.50";"USD";"Новый Garmin Edge 540 велокомпьютер с GPS(Standard Edition) 010-02694-04";"черный";;"2918882869";"WGMED540ECBL";"275.50";"USD";"17617.00";"RUB";"1";;;;"275.50";"0%";"0.00";;;
"0131874781-0064";"0131874781-0064-1";"2026-07-22 11:41:00";"2026-07-27 09:00:00";"2026-07-27 09:00:00";"已取消";;"2026-07-23 02:37:23";"2026-08-02 17:22:00";"320.00";"USD";"Новый realme Pad 3 8/256GB Gery";"темно-серый";;"4276994184";"DRPD3WFGU8256GR";"320.00";"USD";"22358.00";"RUB";"1";;;;"320.00";"0%";"0.00";;;
"66792533-0099";"66792533-0099-1";"2026-07-22 16:18:18";"2026-07-27 09:00:00";"2026-07-27 09:00:00";"已签收";"2026-08-06 11:24:51";"2026-07-23 04:07:32";;"275.50";"USD";"Новый Garmin Edge 540 велокомпьютер с GPS(Standard Edition) 010-02694-04";"черный";;"2918882869";"WGMED540ECBL";"275.50";"USD";"17617.00";"RUB";"1";;;;"275.50";"0%";"0.00";;;
"0102016665-0488";"0102016665-0488-1";"2026-07-22 17:29:41";"2026-07-27 09:00:00";"2026-07-27 09:00:00";"已签收";"2026-08-02 09:38:30";"2026-07-23 04:06:20";;"75.00";"USD";"Новый Xiaomi Smart Band 10 Pro Black";"черный";;"4858621662";"BX10PROGBL";"75.00";"USD";"5240.00";"RUB";"1";;;;"75.00";"0%";"0.00";;;
"0122800745-0126";"0122800745-0126-1";"2026-07-22 20:58:09";"2026-07-27 09:00:00";"2026-07-27 09:00:00";"已签收";"2026-08-03 11:14:49";"2026-07-23 04:07:22";;"122.00";"USD";"Новый HUAWEI FreeBuds Pro 4 White";"белый";;"1816788351";"EWFBP4KWH";"122.00";"USD";"8235.00";"RUB";"1";;;;"130.00";"6%";"8.00";"Эластичный бустинг. Без ограничения срока действия";;
"0145800755-0072";"0145800755-0072-1";"2026-07-23 02:29:02";"2026-07-27 09:00:00";"2026-07-27 09:00:00";"已签收";"2026-08-06 12:31:14";"2026-07-24 07:57:27";;"122.00";"USD";"Новый HUAWEI FreeBuds Pro 4 White";"белый";;"1816788351";"EWFBP4KWH";"122.00";"USD";"8645.00";"RUB";"1";;;;"130.00";"6%";"8.00";"Эластичный бустинг. Без ограничения срока действия";;
"70264415-0212";"70264415-0212-1";"2026-07-23 08:12:18";"2026-07-27 09:00:00";"2026-07-27 09:00:00";"已签收";"2026-08-03 12:12:22";"2026-07-24 07:58:08";;"185.00";"USD";"Новый HUAWEI Watch FIT 4 Pro Black";"черный";;"3071371352";"WWFIT4PGBL";"185.00";"USD";"14591.00";"RUB";"1";;;;"185.00";"0%";"0.00";;;
"05140126-0160";"05140126-0160-1";"2026-07-23 15:41:23";"2026-07-28 09:00:00";"2026-07-28 09:00:00";"已取消";;"2026-07-24 07:58:30";"2026-07-31 13:47:02";"26.50";"USD";"Новый HONOR CHOICE Watch 2i Black";"черный";;"4868499532";"WHCW2IGBL";"26.50";"USD";"2040.00";"RUB";"1";;;;"26.50";"0%";"0.00";;;
"11111354-0446";"11111354-0446-1";"2026-07-23 16:04:02";"2026-07-28 09:00:00";"2026-07-28 09:00:00";"已签收";"2026-08-04 15:41:34";"2026-07-24 07:57:18";;"75.00";"USD";"Новый Xiaomi Smart Band 10 Pro Black";"черный";;"4858621662";"BX10PROGBL";"75.00";"USD";"5235.00";"RUB";"1";;;;"75.00";"0%";"0.00";;;
"61182467-0656";"61182467-0656-1";"2026-07-23 17:05:12";"2026-07-28 09:00:00";"2026-07-28 09:00:00";"已签收";"2026-08-06 15:16:40";"2026-07-24 07:57:48";;"305.00";"USD";"Новый Garmin Vivoactive 6 White";"кремовый";;"2442076463";"WGMVVAT6KWH";"305.00";"USD";"22118.00";"RUB";"1";;;;"305.00";"0%";"0.00";;;
"34692333-0750";"34692333-0750-1";"2026-07-23 21:02:10";"2026-07-28 09:00:00";"2026-07-28 09:00:00";"已取消";;;"2026-07-23 21:06:38";"122.00";"USD";"Новый HUAWEI FreeBuds Pro 4 White";"белый";;"1816788351";"EWFBP4KWH";"122.00";"USD";"8227.00";"RUB";"1";;;;"130.00";"6%";"8.00";"Эластичный бустинг. Без ограничения срока действия";;
"55360796-0314";"55360796-0314-1";"2026-07-23 22:57:19";"2026-07-28 09:00:00";"2026-07-28 09:00:00";"已签收";"2026-08-04 16:35:28";"2026-07-24 07:57:39";;"122.00";"USD";"Новый HUAWEI FreeBuds Pro 4 White";"белый";;"1816788351";"EWFBP4KWH";"122.00";"USD";"8219.00";"RUB";"1";;;;"130.00";"6%";"8.00";"Эластичный бустинг. Без ограничения срока действия";;
"0104610089-0536";"0104610089-0536-1";"2026-07-24 04:05:57";"2026-07-28 09:00:00";"2026-07-28 09:00:00";"已签收";"2026-08-04 09:50:52";"2026-07-25 06:54:57";;"305.00";"USD";"Новый Garmin Vivoactive 6 White";"кремовый";;"2442076463";"WGMVVAT6KWH";"305.00";"USD";"21269.00";"RUB";"1";;;;"305.00";"0%";"0.00";;;
"0114621256-0022";"0114621256-0022-1";"2026-07-24 05:15:49";"2026-07-28 09:00:00";"2026-07-28 09:00:00";"已签收";"2026-08-12 02:05:42";"2026-07-25 07:03:20";;"350.00";"USD";"Новый realme Pad 3 5G 8/256GB Gery";"черно-серый";;"4272301876";"DRPD35GGE8256GR";"350.00";"USD";"24473.00";"RUB";"1";;;;"350.00";"0%";"0.00";;;
"45535940-0348";"45535940-0348-1";"2026-07-24 15:23:05";"2026-07-29 09:00:00";"2026-07-29 09:00:00";"已签收";"2026-08-06 13:24:29";"2026-07-25 06:54:35";;"122.00";"USD";"Новый HUAWEI FreeBuds Pro 4 White";"белый";;"1816788351";"EWFBP4KWH";"122.00";"USD";"8460.00";"RUB";"1";;;;"130.00";"6%";"8.00";"Эластичный бустинг. Без ограничения срока действия";;
"71244406-0258";"71244406-0258-1";"2026-07-25 10:42:40";"2026-07-30 09:00:00";"2026-07-30 09:00:00";"已取消";;;"2026-07-25 11:12:07";"150.00";"USD";"Новый Xiaomi Smart Band 10 Pro Black";"черный";;"4858621662";"BX10PROGBL";"75.00";"USD";"5176.00";"RUB";"2";;;;"75.00";"0%";"0.00";;;
"46919145-0129";"46919145-0129-1";"2026-07-25 11:50:55";"2026-07-30 09:00:00";"2026-07-30 09:00:00";"已签收";"2026-08-07 09:28:08";"2026-07-27 06:54:43";;"80.00";"USD";"Новый Amazfit Active Black";"черный";;"5054643060";"WAATGBL";"80.00";"USD";"5521.00";"RUB";"1";;;;"80.00";"0%";"0.00";;;
"71404009-0248";"71404009-0248-1";"2026-07-25 19:18:13";"2026-07-30 09:00:00";"2026-07-30 09:00:00";"已签收";"2026-08-06 17:28:12";"2026-07-27 07:36:41";;"122.00";"USD";"Новый HUAWEI FreeBuds Pro 4 White";"белый";;"1816788351";"EWFBP4KWH";"122.00";"USD";"8419.00";"RUB";"1";;;;"130.00";"6%";"8.00";"Эластичный бустинг. Без ограничения срока действия";;
"68262866-0184";"68262866-0184-1";"2026-07-26 00:17:06";"2026-07-30 09:00:00";"2026-07-30 09:00:00";"已签收";"2026-08-15 06:20:41";"2026-07-27 06:54:33";;"75.00";"USD";"Новый Xiaomi Smart Band 10 Pro Black";"черный";;"4858621662";"BX10PROGBL";"75.00";"USD";"5176.00";"RUB";"1";;;;"75.00";"0%";"0.00";;;
"49823612-0046";"49823612-0046-1";"2026-07-26 05:16:20";"2026-07-30 09:00:00";"2026-07-30 09:00:00";"已签收";"2026-08-04 16:51:30";"2026-07-27 07:38:23";;"75.00";"USD";"Новый Xiaomi Smart Band 10 Pro Black";"черный";;"4858621662";"BX10PROGBL";"75.00";"USD";"5176.00";"RUB";"1";;;;"75.00";"0%";"0.00";;;
"56379721-0140";"56379721-0140-2";"2026-07-26 06:34:02";"2026-07-30 09:00:00";"2026-07-30 09:00:00";"已签收";"2026-08-05 17:13:47";"2026-07-27 07:37:15";;"122.00";"USD";"Новый HUAWEI FreeBuds Pro 4 White";"белый";;"1816788351";"EWFBP4KWH";"122.00";"USD";"8419.00";"RUB";"1";;;;"130.00";"6%";"8.00";"Эластичный бустинг. Без ограничения срока действия";;
"47955149-0415";"47955149-0415-1";"2026-07-26 10:05:14";"2026-07-31 09:00:00";"2026-07-31 09:00:00";"已签收";"2026-08-08 10:04:30";"2026-07-27 07:38:22";;"80.00";"USD";"Новый Amazfit Active Pink";"розовый";;"5054642580";"WAATGPK";"80.00";"USD";"5521.00";"RUB";"1";;;;"80.00";"0%";"0.00";;;
"64407920-0128";"64407920-0128-3";"2026-07-26 10:55:24";"2026-07-31 09:00:00";"2026-07-31 09:00:00";"已签收";"2026-08-04 16:01:20";"2026-07-27 07:37:44";;"290.00";"USD";"Новый Garmin Edge 540 велокомпьютер с GPS(Standard Edition) 010-02694-04";"черный";;"2918882869";"WGMED540ECBL";"290.00";"USD";"20832.00";"RUB";"1";;;;"290.00";"0%";"0.00";;;
"56160855-0112";"56160855-0112-1";"2026-07-26 12:34:36";"2026-07-31 09:00:00";"2026-07-31 09:00:00";"已取消";;;"2026-07-26 12:35:01";"26.50";"USD";"Новый HONOR CHOICE Watch 2i Black";"черный";;"4868499532";"WHCW2IGBL";"26.50";"USD";"2029.00";"RUB";"1";;;;"26.50";"0%";"0.00";;;"包含在配送费用中"
"56160855-0113";"56160855-0113-1";"2026-07-26 12:36:21";"2026-07-31 09:00:00";"2026-07-31 09:00:00";"已签收";"2026-08-06 16:59:51";"2026-07-27 06:55:55";;"26.50";"USD";"Новый HONOR CHOICE Watch 2i Black";"черный";;"4868499532";"WHCW2IGBL";"26.50";"USD";"2029.00";"RUB";"1";;;;"26.50";"0%";"0.00";;;
"75285799-0100";"75285799-0100-1";"2026-07-26 18:11:06";"2026-07-31 09:00:00";"2026-07-31 09:00:00";"已签收";"2026-08-07 09:59:31";"2026-07-27 07:37:14";;"122.00";"USD";"Новый HUAWEI FreeBuds Pro 4 White";"белый";;"1816788351";"EWFBP4KWH";"122.00";"USD";"8419.00";"RUB";"1";;;;"130.00";"6%";"8.00";"Эластичный бустинг. Без ограничения срока действия";;
"90356018-0138";"90356018-0138-1";"2026-07-26 18:48:06";"2026-07-31 09:00:00";"2026-07-31 09:00:00";"已签收";"2026-08-06 16:23:52";"2026-07-27 06:54:03";;"7.00";"USD";"Новый HONOR CHOICE Earbuds X7 Lite White";"белый";;"4634766526";"EHEX7LTEWH";"7.00";"USD";"548.00";"RUB";"1";;;;"7.00";"0%";"0.00";;;
"97825906-1708";"97825906-1708-1";"2026-07-26 18:52:42";"2026-07-31 09:00:00";"2026-07-31 09:00:00";"已签收";"2026-08-05 15:26:10";"2026-07-27 06:54:02";;"122.00";"USD";"Новый HUAWEI FreeBuds Pro 4 White";"белый";;"1816788351";"EWFBP4KWH";"122.00";"USD";"8419.00";"RUB";"1";;;;"130.00";"6%";"8.00";"Эластичный бустинг. Без ограничения срока действия";;
"56521419-0077";"56521419-0077-1";"2026-07-26 20:15:42";"2026-07-31 09:00:00";"2026-07-31 09:00:00";"已签收";"2026-08-05 17:40:56";"2026-07-27 07:37:44";;"305.00";"USD";"Новый Garmin Vivoactive 6 White";"кремовый";;"2442076463";"WGMVVAT6KWH";"305.00";"USD";"21048.00";"RUB";"1";;;;"305.00";"0%";"0.00";;;
"28928379-0100";"28928379-0100-1";"2026-07-26 21:19:36";"2026-07-31 09:00:00";"2026-07-31 09:00:00";"已取消";;;"2026-07-26 21:21:46";"153.00";"USD";"Новый Xiaomi Watch S5 46mm Black";"черный";;"5153117886";"WXWAHS5G46BL";"153.00";"USD";"10559.00";"RUB";"1";;;;"153.00";"0%";"0.00";;;
"28928379-0102";"28928379-0102-1";"2026-07-26 21:23:53";"2026-07-31 09:00:00";"2026-07-31 09:00:00";"已取消";;;"2026-07-26 22:06:52";"153.00";"USD";"Новый Xiaomi Watch S5 46mm Silver";"серебристый";;"5153086056";"WXWAHS5G46SR";"153.00";"USD";"10559.00";"RUB";"1";;;;"153.00";"0%";"0.00";;;
"33273684-0316";"33273684-0316-1";"2026-07-27 05:41:38";"2026-07-31 09:00:00";"2026-07-31 09:00:00";"已签收";"2026-08-06 15:09:45";"2026-07-28 08:49:00";;"153.00";"USD";"Новый Xiaomi Watch S5 46mm Black";"черный";;"5153117886";"WXWAHS5G46BL";"153.00";"USD";"10559.00";"RUB";"1";;;;"153.00";"0%";"0.00";;;
"40708768-0482";"40708768-0482-1";"2026-07-27 06:36:09";"2026-07-31 09:00:00";"2026-07-31 09:00:00";"已签收";"2026-08-07 13:57:02";"2026-07-28 08:48:20";;"305.00";"USD";"Новый Garmin Vivoactive 6 White";"кремовый";;"2442076463";"WGMVVAT6KWH";"305.00";"USD";"21048.00";"RUB";"1";;;;"305.00";"0%";"0.00";;;
"74357283-0041";"74357283-0041-1";"2026-07-27 10:05:31";"2026-08-01 09:00:00";"2026-08-01 09:00:00";"已签收";"2026-08-17 14:48:05";"2026-07-28 08:49:00";;"305.00";"USD";"Новый Garmin Vivoactive 6 White";"кремовый";;"2442076463";"WGMVVAT6KWH";"305.00";"USD";"21048.00";"RUB";"1";;;;"305.00";"0%";"0.00";;;
"26137733-0059";"26137733-0059-1";"2026-07-27 13:26:16";"2026-08-01 09:00:00";"2026-08-01 09:00:00";"已签收";"2026-08-06 16:59:08";"2026-07-28 08:48:13";;"7.00";"USD";"Новый HONOR CHOICE Earbuds X7 Lite White";"белый";;"4634766526";"EHEX7LTEWH";"7.00";"USD";"577.00";"RUB";"1";;;;"7.00";"0%";"0.00";;;
"08051840-0111";"08051840-0111-1";"2026-07-27 13:45:23";"2026-08-01 09:00:00";"2026-08-01 09:00:00";"已签收";"2026-08-08 10:52:45";"2026-07-28 08:48:38";;"88.00";"USD";"Новый Redmi Watch 6 Blue";"голубой";;"5141664785";"WDWACH6GBU";"88.00";"USD";"6073.00";"RUB";"1";;;;"88.00";"0%";"0.00";;;
"08853270-0400";"08853270-0400-1";"2026-07-27 19:54:05";"2026-08-01 09:00:00";"2026-08-01 09:00:00";"已签收";"2026-08-05 16:24:32";"2026-07-28 08:48:20";;"305.00";"USD";"Новый Garmin Vivoactive 6 White";"кремовый";;"2442076463";"WGMVVAT6KWH";"305.00";"USD";"21048.00";"RUB";"1";;;;"305.00";"0%";"0.00";;;
"73126090-0667";"73126090-0667-1";"2026-07-28 04:58:12";"2026-08-01 09:00:00";"2026-08-01 09:00:00";"已取消";;;"2026-07-28 04:58:50";"305.00";"USD";"Новый Garmin Vivoactive 6 White";"кремовый";;"2442076463";"WGMVVAT6KWH";"305.00";"USD";"21045.00";"RUB";"1";;;;"305.00";"0%";"0.00";;;
"60616193-0122";"60616193-0122-1";"2026-07-28 08:12:51";"2026-08-01 09:00:00";"2026-08-01 09:00:00";"已签收";"2026-08-09 12:34:07";"2026-07-29 08:13:58";;"290.00";"USD";"Новый Garmin Forerunner 70 White";"белый";;"4738065026";"WGMF70KWH";"290.00";"USD";"20010.00";"RUB";"1";;;;"290.00";"0%";"0.00";;;
"66628700-0030";"66628700-0030-1";"2026-07-28 08:48:17";"2026-08-01 09:00:00";"2026-08-01 09:00:00";"已取消";;"2026-07-29 08:13:56";"2026-08-17 13:06:34";"122.00";"USD";"Новый HUAWEI FreeBuds Pro 4 White";"белый";;"1816788351";"EWFBP4KWH";"122.00";"USD";"8418.00";"RUB";"1";;;;"130.00";"6%";"8.00";"Эластичный бустинг. Без ограничения срока действия";;
"52956935-0367";"52956935-0367-1";"2026-07-28 08:51:22";"2026-08-01 09:00:00";"2026-08-01 09:00:00";"已签收";"2026-08-06 12:25:21";"2026-07-29 08:13:56";;"305.00";"USD";"Новый Garmin Vivoactive 6 White";"кремовый";;"2442076463";"WGMVVAT6KWH";"305.00";"USD";"21045.00";"RUB";"1";;;;"305.00";"0%";"0.00";;;
"89466803-0185";"89466803-0185-1";"2026-07-28 12:31:56";"2026-08-02 09:00:00";"2026-08-02 09:00:00";"已取消";;"2026-07-29 08:13:57";"2026-08-09 11:17:37";"80.00";"USD";"Новый Amazfit Active Pink";"розовый";;"5054642580";"WAATGPK";"80.00";"USD";"5520.00";"RUB";"1";;;;"80.00";"0%";"0.00";;;
"07248305-0405";"07248305-0405-1";"2026-07-28 12:49:12";"2026-08-02 09:00:00";"2026-08-02 09:00:00";"已签收";"2026-08-08 09:22:52";"2026-07-29 08:13:56";;"122.00";"USD";"Новый HUAWEI FreeBuds Pro 4 White";"белый";;"1816788351";"EWFBP4KWH";"122.00";"USD";"8418.00";"RUB";"1";;;;"130.00";"6%";"8.00";"Эластичный бустинг. Без ограничения срока действия";;
"0153122196-0346";"0153122196-0346-1";"2026-07-28 12:56:19";"2026-08-02 09:00:00";"2026-08-02 09:00:00";"已签收";"2026-08-07 17:21:08";"2026-07-29 08:13:56";;"26.50";"USD";"Новый HONOR CHOICE Watch 2i Black";"черный";;"4868499532";"WHCW2IGBL";"26.50";"USD";"2028.00";"RUB";"1";;;;"26.50";"0%";"0.00";;;
"0172828845-0031";"0172828845-0031-1";"2026-07-28 13:50:26";"2026-08-02 09:00:00";"2026-08-02 09:00:00";"已签收";"2026-08-05 16:09:33";"2026-07-29 08:13:57";;"88.00";"USD";"Новый Redmi Watch 6 Black";"черный";;"5141682869";"WDWACH6GBL";"88.00";"USD";"6072.00";"RUB";"1";;;;"88.00";"0%";"0.00";;;
"58292665-0514";"58292665-0514-1";"2026-07-28 16:27:32";"2026-08-02 09:00:00";"2026-08-02 09:00:00";"已签收";"2026-08-05 15:40:29";"2026-07-29 08:13:57";;"26.50";"USD";"Новый HONOR CHOICE Watch 2i Black";"черный";;"4868499532";"WHCW2IGBL";"26.50";"USD";"2028.00";"RUB";"1";;;;"26.50";"0%";"0.00";;;
"42708372-0418";"42708372-0418-1";"2026-07-28 19:47:30";"2026-08-02 09:00:00";"2026-08-02 09:00:00";"已签收";"2026-08-06 18:50:02";"2026-07-29 08:13:57";;"122.00";"USD";"Новый HUAWEI FreeBuds Pro 4 White";"белый";;"1816788351";"EWFBP4KWH";"122.00";"USD";"8418.00";"RUB";"1";;;;"130.00";"6%";"8.00";"Эластичный бустинг. Без ограничения срока действия";;
"0114953622-0423";"0114953622-0423-1";"2026-07-28 20:05:56";"2026-08-02 09:00:00";"2026-08-02 09:00:00";"已签收";"2026-08-10 09:10:24";"2026-07-29 08:13:57";;"122.00";"USD";"Новый HUAWEI FreeBuds Pro 4 White";"белый";;"1816788351";"EWFBP4KWH";"122.00";"USD";"8418.00";"RUB";"1";;;;"130.00";"6%";"8.00";"Эластичный бустинг. Без ограничения срока действия";;
"35622072-0474";"35622072-0474-1";"2026-07-28 21:05:18";"2026-08-02 09:00:00";"2026-08-02 09:00:00";"已签收";"2026-08-06 18:12:43";"2026-07-29 08:13:57";;"305.00";"USD";"Новый Garmin Vivoactive 6 White";"кремовый";;"2442076463";"WGMVVAT6KWH";"305.00";"USD";"21098.00";"RUB";"1";;;;"305.00";"0%";"0.00";;;"包含在配送费用中"
"82296800-0173";"82296800-0173-1";"2026-07-29 07:10:59";"2026-08-02 09:00:00";"2026-08-02 09:00:00";"已签收";"2026-08-09 04:13:06";"2026-07-30 06:13:44";;"26.50";"USD";"Новый HONOR CHOICE Watch 2i Black";"черный";;"4868499532";"WHCW2IGBL";"26.50";"USD";"2016.00";"RUB";"1";;;;"26.50";"0%";"0.00";;;
"26517049-0273";"26517049-0273-1";"2026-07-29 07:59:58";"2026-08-02 09:00:00";"2026-08-02 09:00:00";"已签收";"2026-08-13 07:53:06";"2026-07-30 06:14:11";;"305.00";"USD";"Новый Garmin Vivoactive 6 White";"кремовый";;"2442076463";"WGMVVAT6KWH";"305.00";"USD";"21228.00";"RUB";"1";;;;"305.00";"0%";"0.00";;;
"0145480084-0027";"0145480084-0027-1";"2026-07-29 09:31:03";"2026-08-03 09:00:00";"2026-08-03 09:00:00";"已签收";"2026-08-10 07:49:02";"2026-07-30 06:13:58";;"26.50";"USD";"Новый HONOR CHOICE Watch 2i Black";"черный";;"4868499532";"WHCW2IGBL";"26.50";"USD";"2154.00";"RUB";"1";;;;"26.50";"0%";"0.00";;;
"06417148-0145";"06417148-0145-1";"2026-07-29 15:23:30";"2026-08-03 09:00:00";"2026-08-03 09:00:00";"已签收";"2026-08-09 11:53:21";"2026-07-30 06:14:39";;"290.00";"USD";"Новый Garmin Edge 540 велокомпьютер с GPS(Standard Edition) 010-02694-04";"черный";;"2918882869";"WGMED540ECBL";"290.00";"USD";"20184.00";"RUB";"1";;;;"290.00";"0%";"0.00";;;
"50572248-0182";"50572248-0182-1";"2026-07-29 19:46:39";"2026-08-03 09:00:00";"2026-08-03 09:00:00";"已签收";"2026-08-14 17:23:03";"2026-07-30 06:13:29";;"75.00";"USD";"Новый Xiaomi Smart Band 10 Pro Silver";"серебристый";;"4858613390";"BX10PROGSR";"75.00";"USD";"5434.00";"RUB";"1";;;;"75.00";"0%";"0.00";;;
"44771342-0115";"44771342-0115-1";"2026-07-29 20:53:08";"2026-08-03 09:00:00";"2026-08-03 09:00:00";"已签收";"2026-08-08 10:10:59";"2026-07-30 06:14:40";;"305.00";"USD";"Новый Garmin Vivoactive 6 White";"кремовый";;"2442076463";"WGMVVAT6KWH";"305.00";"USD";"21228.00";"RUB";"1";;;;"305.00";"0%";"0.00";;;
"65266807-0356";"65266807-0356-1";"2026-07-30 14:22:23";"2026-08-04 09:00:00";"2026-08-04 09:00:00";"已签收";"2026-08-17 05:04:00";"2026-07-31 04:34:51";;"88.00";"USD";"Новый Redmi Watch 6 Black";"черный";;"5141682869";"WDWACH6GBL";"88.00";"USD";"6211.00";"RUB";"1";;;;"88.00";"0%";"0.00";;;
"81703811-0024";"81703811-0024-1";"2026-07-30 16:16:50";"2026-08-04 09:00:00";"2026-08-04 09:00:00";"已签收";"2026-08-11 14:47:07";"2026-07-31 04:35:16";;"290.00";"USD";"Новый Garmin Edge 540 велокомпьютер с GPS(Standard Edition) 010-02694-04";"черный";;"2918882869";"WGMED540ECBL";"290.00";"USD";"18734.00";"RUB";"1";;;;"290.00";"0%";"0.00";;;
"46387094-0160";"46387094-0160-1";"2026-07-30 17:30:51";"2026-08-04 09:00:00";"2026-08-04 09:00:00";"已签收";"2026-08-12 08:44:03";"2026-07-31 04:35:16";;"88.00";"USD";"Новый Redmi Watch 6 Black";"черный";;"5141682869";"WDWACH6GBL";"88.00";"USD";"6176.00";"RUB";"1";;;;"88.00";"0%";"0.00";;;
"0233067530-0483";"0233067530-0483-1";"2026-07-30 19:01:32";"2026-08-04 09:00:00";"2026-08-04 09:00:00";"已到达取货点，待取件";;"2026-07-31 04:34:51";;"88.00";"USD";"Новый Redmi Watch 6 Black";"черный";;"5141682869";"WDWACH6GBL";"88.00";"USD";"6211.00";"RUB";"1";"0.00";;;"88.00";"0%";"0.00";;;
"39736219-0737";"39736219-0737-4";"2026-07-30 19:09:38";"2026-08-04 09:00:00";"2026-08-04 09:00:00";"已签收";"2026-08-17 11:32:34";"2026-07-31 04:34:22";;"290.00";"USD";"Новый Garmin Edge 540 велокомпьютер с GPS(Standard Edition) 010-02694-04";"черный";;"2918882869";"WGMED540ECBL";"290.00";"USD";"18734.00";"RUB";"1";;;;"290.00";"0%";"0.00";;;
"42379419-0462";"42379419-0462-1";"2026-07-31 04:20:46";"2026-08-05 09:00:00";"2026-08-05 09:00:00";"已签收";"2026-08-12 12:09:54";"2026-08-01 07:15:38";;"88.00";"USD";"Новый Redmi Watch 6 Grey";"серебристый";;"5141646422";"WDWACH6GGR";"88.00";"USD";"6250.00";"RUB";"1";;;;"88.00";"0%";"0.00";;;
"30846020-0134";"30846020-0134-2";"2026-07-31 08:17:56";"2026-08-05 09:00:00";"2026-08-05 09:00:00";"已签收";"2026-08-14 12:33:56";"2026-08-03 08:01:34";;"62.00";"USD";"Новый Redmi Watch 6 Lite Grey";"серый металлик";;"5166569174";"WD6LTGGR";"62.00";"USD";"4404.00";"RUB";"1";;;;"62.00";"0%";"0.00";;;
"30852540-0350";"30852540-0350-1";"2026-07-31 11:59:06";"2026-08-05 09:00:00";"2026-08-05 09:00:00";"已签收";"2026-08-12 15:47:58";"2026-08-01 07:15:59";;"88.00";"USD";"Новый Redmi Watch 6 Black";"черный";;"5141682869";"WDWACH6GBL";"88.00";"USD";"6250.00";"RUB";"1";;;;"88.00";"0%";"0.00";;;
"48635612-0271";"48635612-0271-1";"2026-07-31 12:04:56";"2026-08-05 09:00:00";"2026-08-05 09:00:00";"已签收";"2026-08-16 11:32:12";"2026-08-01 07:15:23";;"26.50";"USD";"Новый HONOR CHOICE Watch 2i Black";"черный";;"4868499532";"WHCW2IGBL";"26.50";"USD";"2078.00";"RUB";"1";;;;"26.50";"0%";"0.00";;;
"0174820673-0014";"0174820673-0014-1";"2026-07-31 13:22:13";"2026-08-05 09:00:00";"2026-08-05 09:00:00";"已签收";"2026-08-12 18:05:49";"2026-08-01 07:16:33";;"80.00";"USD";"Новый Amazfit Active Pink";"розовый";;"5054642580";"WAATGPK";"80.00";"USD";"5682.00";"RUB";"1";;;;"80.00";"0%";"0.00";;;
"0126678227-0218";"0126678227-0218-1";"2026-08-01 06:56:10";"2026-08-05 09:00:00";"2026-08-05 09:00:00";"已签收";"2026-08-15 10:15:25";"2026-08-03 08:01:03";;"26.50";"USD";"Новый HONOR CHOICE Watch 2i Black";"черный";;"4868499532";"WHCW2IGBL";"26.50";"USD";"2068.00";"RUB";"1";;;;"26.50";"0%";"0.00";;;
"29089084-1395";"29089084-1395-3";"2026-08-01 10:36:33";"2026-08-06 23:00:00";"2026-08-06 23:00:00";"已到达取货点，待取件";;"2026-08-03 10:08:48";;"60.00";"USD";"Новый realme Buds Air7 Pro Grey";"черный";;"2029781938";"ERAIR7PGGR1";"60.00";"USD";"4654.00";"RUB";"1";"0.00";;;"60.00";"0%";"0.00";;;
"0155167697-0113";"0155167697-0113-1";"2026-08-01 15:57:39";"2026-08-06 09:00:00";"2026-08-06 09:00:00";"已签收";"2026-08-14 05:16:23";"2026-08-03 08:00:57";;"26.50";"USD";"Новый HONOR CHOICE Watch 2i Black";"черный";;"4868499532";"WHCW2IGBL";"26.50";"USD";"2068.00";"RUB";"1";;;;"26.50";"0%";"0.00";;;
"29525150-0298";"29525150-0298-1";"2026-08-02 07:45:29";"2026-08-06 09:00:00";"2026-08-06 09:00:00";"已签收";"2026-08-12 15:58:07";"2026-08-03 07:58:37";;"282.00";"USD";"Новый Garmin Edge 540 велокомпьютер с GPS(Standard Edition) 010-02694-04";"черный";;"2918882869";"WGMED540ECBL";"282.00";"USD";"19526.00";"RUB";"1";;;;"282.00";"0%";"0.00";;;
"42198838-0875";"42198838-0875-1";"2026-08-02 12:30:38";"2026-08-07 09:00:00";"2026-08-07 09:00:00";"已签收";"2026-08-11 16:45:53";"2026-08-03 07:58:14";;"88.00";"USD";"Новый Redmi Watch 6 Black";"черный";;"5141682869";"WDWACH6GBL";"88.00";"USD";"6220.00";"RUB";"1";;;;"88.00";"0%";"0.00";;;
"46440633-0779";"46440633-0779-1";"2026-08-02 13:50:43";"2026-08-07 09:00:00";"2026-08-07 09:00:00";"已签收";"2026-08-14 11:28:32";"2026-08-03 07:57:55";;"88.00";"USD";"Новый Redmi Watch 6 Grey";"серебристый";;"5141646422";"WDWACH6GGR";"88.00";"USD";"6220.00";"RUB";"1";;;;"88.00";"0%";"0.00";;;
"48523907-0308";"48523907-0308-1";"2026-08-02 15:07:57";"2026-08-07 09:00:00";"2026-08-07 09:00:00";"已签收";"2026-08-11 12:23:13";"2026-08-03 07:58:15";;"305.00";"USD";"Новый Garmin Vivoactive 6 White";"кремовый";;"2442076463";"WGMVVAT6KWH";"305.00";"USD";"21556.00";"RUB";"1";;;;"305.00";"0%";"0.00";;;
"73841236-0067";"73841236-0067-1";"2026-08-02 16:48:56";"2026-08-07 09:00:00";"2026-08-07 09:00:00";"已签收";"2026-08-13 11:19:23";"2026-08-03 07:57:34";;"26.50";"USD";"Новый HONOR CHOICE Watch 2i Black";"черный";;"4868499532";"WHCW2IGBL";"26.50";"USD";"2068.00";"RUB";"1";;;;"26.50";"0%";"0.00";;;
"0140093775-0585";"0140093775-0585-1";"2026-08-02 19:58:25";"2026-08-07 09:00:00";"2026-08-07 09:00:00";"已签收";"2026-08-11 17:30:28";"2026-08-03 07:57:55";;"282.00";"USD";"Новый Garmin Edge 540 велокомпьютер с GPS(Standard Edition) 010-02694-04";"черный";;"2918882869";"WGMED540ECBL";"282.00";"USD";"18242.00";"RUB";"1";;;;"282.00";"0%";"0.00";;;
"08983877-0432";"08983877-0432-1";"2026-08-03 07:59:52";"2026-08-07 09:00:00";"2026-08-07 09:00:00";"已签收";"2026-08-15 10:26:41";"2026-08-04 08:55:57";;"48.50";"USD";"Новый Redmi Watch 6 Active Silver";"серебристый";;"5164604468";"WD6ATGSR";"48.50";"USD";"3680.00";"RUB";"1";;;;"48.50";"0%";"0.00";;;
"28718054-0152";"28718054-0152-1";"2026-08-03 10:46:04";"2026-08-08 09:00:00";"2026-08-08 09:00:00";"运输中";;"2026-08-04 08:55:32";;"88.00";"USD";"Новый Redmi Watch 6 Black";"черный";;"5141682869";"WDWACH6GBL";"88.00";"USD";"6220.00";"RUB";"1";"0.00";;;"88.00";"0%";"0.00";;;
"81536743-0073";"81536743-0073-1";"2026-08-03 15:28:38";"2026-08-08 09:00:00";"2026-08-08 09:00:00";"已签收";"2026-08-18 07:36:57";"2026-08-04 08:55:00";;"88.00";"USD";"Новый Redmi Watch 6 Black";"черный";;"5141682869";"WDWACH6GBL";"88.00";"USD";"6220.00";"RUB";"1";;;;"88.00";"0%";"0.00";;;
"0121145734-0036";"0121145734-0036-4";"2026-08-03 16:11:33";"2026-08-08 09:00:00";"2026-08-08 09:00:00";"运输中";;"2026-08-04 08:55:32";;"305.00";"USD";"Новый Garmin Vivoactive 6 White";"кремовый";;"2442076463";"WGMVVAT6KWH";"305.00";"USD";"21556.00";"RUB";"1";"0.00";;;"305.00";"0%";"0.00";;;
"47219085-0261";"47219085-0261-1";"2026-08-03 19:57:33";"2026-08-08 09:00:00";"2026-08-08 09:00:00";"已签收";"2026-08-15 16:55:19";"2026-08-04 08:55:36";;"7.00";"USD";"Новый HONOR CHOICE Earbuds X7 Lite White";"белый";;"4634766526";"EHEX7LTEWH";"7.00";"USD";"558.00";"RUB";"1";;;;"7.00";"0%";"0.00";;;
"0153821594-0831";"0153821594-0831-1";"2026-08-04 07:29:58";"2026-08-08 09:00:00";"2026-08-08 09:00:00";"已签收";"2026-08-15 12:26:15";"2026-08-05 08:23:21";;"7.00";"USD";"Новый HONOR CHOICE Earbuds X7 Lite White";"белый";;"4634766526";"EHEX7LTEWH";"7.00";"USD";"563.00";"RUB";"1";;;;"7.00";"0%";"0.00";;;
"43399556-0238";"43399556-0238-1";"2026-08-04 07:39:00";"2026-08-08 09:00:00";"2026-08-08 09:00:00";"已签收";"2026-08-17 09:15:44";"2026-08-05 08:24:14";;"80.00";"USD";"Новый Amazfit Active Pink";"розовый";;"5054642580";"WAATGPK";"80.00";"USD";"5697.00";"RUB";"1";;;;"80.00";"0%";"0.00";;;
"36549968-0948";"36549968-0948-1";"2026-08-04 09:58:21";"2026-08-09 09:00:00";"2026-08-09 09:00:00";"已签收";"2026-08-15 07:44:07";"2026-08-05 08:23:25";;"7.00";"USD";"Новый HONOR CHOICE Earbuds X7 Lite White";"белый";;"4634766526";"EHEX7LTEWH";"7.00";"USD";"558.00";"RUB";"1";;;;"7.00";"0%";"0.00";;;
"36909749-0111";"36909749-0111-1";"2026-08-04 14:51:24";"2026-08-09 09:00:00";"2026-08-09 09:00:00";"已签收";"2026-08-17 06:14:33";"2026-08-05 08:23:24";;"7.00";"USD";"Новый HONOR CHOICE Earbuds X7 Lite White";"белый";;"4634766526";"EHEX7LTEWH";"7.00";"USD";"588.00";"RUB";"1";;;;"7.00";"0%";"0.00";;;
"49065713-0183";"49065713-0183-2";"2026-08-04 16:01:08";"2026-08-09 09:00:00";"2026-08-09 09:00:00";"已签收";"2026-08-17 06:42:47";"2026-08-05 08:22:40";;"7.00";"USD";"Новый HONOR CHOICE Earbuds X7 Lite White";"белый";;"4634766526";"EHEX7LTEWH";"7.00";"USD";"558.00";"RUB";"1";;;;"7.00";"0%";"0.00";;;
"0188846976-0109";"0188846976-0109-1";"2026-08-04 16:58:19";"2026-08-09 09:00:00";"2026-08-09 09:00:00";"已取消";;;"2026-08-04 17:10:17";"7.00";"USD";"Новый HONOR CHOICE Earbuds X7 Lite White";"белый";;"4634766526";"EHEX7LTEWH";"7.00";"USD";"558.00";"RUB";"1";;;;"7.00";"0%";"0.00";;;
"38370161-0214";"38370161-0214-1";"2026-08-05 04:41:30";"2026-08-09 09:00:00";"2026-08-09 09:00:00";"已签收";"2026-08-17 18:32:27";"2026-08-06 09:52:25";;"80.00";"USD";"Новый Amazfit Active Pink";"розовый";;"5054642580";"WAATGPK";"80.00";"USD";"5773.00";"RUB";"1";;;;"80.00";"0%";"0.00";;;
"60687500-0376";"60687500-0376-1";"2026-08-05 06:20:24";"2026-08-09 09:00:00";"2026-08-09 09:00:00";"已到达取货点，待取件";;"2026-08-06 09:52:25";;"7.00";"USD";"Новый HONOR CHOICE Earbuds X7 Lite White";"белый";;"4634766526";"EHEX7LTEWH";"7.00";"USD";"566.00";"RUB";"1";"0.00";;;"7.00";"0%";"0.00";;;
"42291943-0499";"42291943-0499-1";"2026-08-05 07:32:23";"2026-08-09 09:00:00";"2026-08-09 09:00:00";"运输中";;"2026-08-06 09:47:45";;"14.00";"USD";"Новый HONOR CHOICE Earbuds X7 Lite White";"белый";;"4634766526";"EHEX7LTEWH";"7.00";"USD";"566.00";"RUB";"2";"0.00";"42291943-0499-5,42291943-0499-7,42291943-0499-9,42291943-0499-11";;"7.00";"0%";"0.00";;;
"42291943-0499";"42291943-0499-2";"2026-08-05 07:32:23";"2026-08-09 09:00:00";"2026-08-09 09:00:00";"运输中";;"2026-08-06 09:46:32";;"21.00";"USD";"Новый HONOR CHOICE Earbuds X7 Lite White";"белый";;"4634766526";"EHEX7LTEWH";"7.00";"USD";"566.00";"RUB";"3";"0.00";"42291943-0499-3";;"7.00";"0%";"0.00";;;
"42291943-0499";"42291943-0499-3";"2026-08-05 07:32:23";"2026-08-09 09:00:00";"2026-08-09 09:00:00";"运输中";;"2026-08-10 07:34:52";;"14.00";"USD";"Новый HONOR CHOICE Earbuds X7 Lite White";"белый";;"4634766526";"EHEX7LTEWH";"7.00";"USD";"566.00";"RUB";"2";"0.00";"42291943-0499-2";;"7.00";"0%";"0.00";;;
"42291943-0499";"42291943-0499-5";"2026-08-05 07:32:23";"2026-08-09 09:00:00";"2026-08-09 09:00:00";"运输中";;"2026-08-11 04:32:38";;"14.00";"USD";"Новый HONOR CHOICE Earbuds X7 Lite White";"белый";;"4634766526";"EHEX7LTEWH";"7.00";"USD";"566.00";"RUB";"2";"0.00";"42291943-0499-1,42291943-0499-7,42291943-0499-9,42291943-0499-11";;"7.00";"0%";"0.00";;;
"42291943-0499";"42291943-0499-7";"2026-08-05 07:32:23";"2026-08-09 09:00:00";"2026-08-09 09:00:00";"运输中";;"2026-08-08 06:58:58";;"14.00";"USD";"Новый HONOR CHOICE Earbuds X7 Lite White";"белый";;"4634766526";"EHEX7LTEWH";"7.00";"USD";"566.00";"RUB";"2";"0.00";"42291943-0499-1,42291943-0499-5,42291943-0499-9,42291943-0499-11";;"7.00";"0%";"0.00";;;
"42291943-0499";"42291943-0499-9";"2026-08-05 07:32:23";"2026-08-09 09:00:00";"2026-08-09 09:00:00";"运输中";;"2026-08-07 09:02:41";;"14.00";"USD";"Новый HONOR CHOICE Earbuds X7 Lite White";"белый";;"4634766526";"EHEX7LTEWH";"7.00";"USD";"566.00";"RUB";"2";"0.00";"42291943-0499-1,42291943-0499-5,42291943-0499-7,42291943-0499-11";;"7.00";"0%";"0.00";;;
"42291943-0499";"42291943-0499-11";"2026-08-05 07:32:23";"2026-08-09 09:00:00";"2026-08-09 09:00:00";"运输中";;"2026-08-07 09:05:00";;"14.00";"USD";"Новый HONOR CHOICE Earbuds X7 Lite White";"белый";;"4634766526";"EHEX7LTEWH";"7.00";"USD";"566.00";"RUB";"2";"0.00";"42291943-0499-1,42291943-0499-5,42291943-0499-7,42291943-0499-9";;"7.00";"0%";"0.00";;;
"71312199-0593";"71312199-0593-1";"2026-08-05 07:50:12";"2026-08-09 09:00:00";"2026-08-09 09:00:00";"已到达取货点，待取件";;"2026-08-06 09:52:25";;"7.00";"USD";"Новый HONOR CHOICE Earbuds X7 Lite White";"белый";;"4634766526";"EHEX7LTEWH";"7.00";"USD";"566.00";"RUB";"1";"0.00";;;"7.00";"0%";"0.00";;;
"85915627-0170";"85915627-0170-1";"2026-08-05 08:07:32";"2026-08-09 09:00:00";"2026-08-09 09:00:00";"已签收";"2026-08-17 07:43:48";"2026-08-06 08:59:14";;"519.00";"USD";"Новый realme GT 7 12/512GB Blue";"голубой";;"2090926567";"MRGT75GRE12512BU";"519.00";"USD";"37450.00";"RUB";"1";;;;"519.00";"0%";"0.00";;;
"28498680-0525";"28498680-0525-1";"2026-08-05 08:08:15";"2026-08-09 09:00:00";"2026-08-09 09:00:00";"已签收";"2026-08-17 12:11:11";"2026-08-06 09:48:10";;"45.20";"USD";"Новый HONOR CHOICE Earbuds Clip Black";"черный";;"4975336991";"EHCEBCPGBL";"45.20";"USD";"3579.00";"RUB";"1";;;;"45.20";"0%";"0.00";;;
"32613015-0858";"32613015-0858-1";"2026-08-05 08:33:23";"2026-08-09 09:00:00";"2026-08-09 09:00:00";"已到达取货点，待取件";;"2026-08-07 08:05:26";;"21.00";"USD";"Новый HONOR CHOICE Earbuds X7 Lite White";"белый";;"4634766526";"EHEX7LTEWH";"7.00";"USD";"56.60";"RUB";"3";"0.00";"32613015-0858-3";;"7.00";"0%";"0.00";;;
"32613015-0858";"32613015-0858-3";"2026-08-05 08:33:23";"2026-08-09 09:00:00";"2026-08-09 09:00:00";"已到达取货点，待取件";;"2026-08-06 09:52:25";;"14.00";"USD";"Новый HONOR CHOICE Earbuds X7 Lite White";"белый";;"4634766526";"EHEX7LTEWH";"7.00";"USD";"56.60";"RUB";"2";"0.00";"32613015-0858-1";;"7.00";"0%";"0.00";;;
"42319776-0243";"42319776-0243-1";"2026-08-05 09:13:07";"2026-08-10 09:00:00";"2026-08-10 09:00:00";"已签收";"2026-08-18 08:30:16";"2026-08-06 09:52:25";;"26.50";"USD";"Новый HONOR CHOICE Watch 2i Black";"черный";;"4868499532";"WHCW2IGBL";"26.50";"USD";"2111.00";"RUB";"1";;;;"26.50";"0%";"0.00";;;
"29343484-0151";"29343484-0151-1";"2026-08-05 15:15:13";"2026-08-10 09:00:00";"2026-08-10 09:00:00";"已签收";"2026-08-17 13:55:12";"2026-08-06 09:48:22";;"26.50";"USD";"Новый HONOR CHOICE Watch 2i Black";"черный";;"4868499532";"WHCW2IGBL";"26.50";"USD";"2111.00";"RUB";"1";;;;"26.50";"0%";"0.00";;;
"39589741-0615";"39589741-0615-1";"2026-08-05 16:17:21";"2026-08-10 09:00:00";"2026-08-10 09:00:00";"已签收";"2026-08-18 12:39:50";"2026-08-06 09:52:25";;"26.50";"USD";"Новый HONOR CHOICE Watch 2i Black";"черный";;"4868499532";"WHCW2IGBL";"26.50";"USD";"2111.00";"RUB";"1";;;;"26.50";"0%";"0.00";;;
"24959159-0458";"24959159-0458-1";"2026-08-05 19:00:24";"2026-08-10 09:00:00";"2026-08-10 09:00:00";"已签收";"2026-08-18 10:16:41";"2026-08-06 09:48:10";;"8.00";"USD";"Новый HONOR CHOICE Earbuds X7 Lite White";"белый";;"4634766526";"EHEX7LTEWH";"8.00";"USD";"679.00";"RUB";"1";;;;"8.00";"0%";"0.00";;;
"62469157-0911";"62469157-0911-1";"2026-08-05 20:23:52";"2026-08-10 09:00:00";"2026-08-10 09:00:00";"已签收";"2026-08-18 07:14:10";"2026-08-06 09:52:25";;"88.00";"USD";"Новый Redmi Watch 6 Black";"черный";;"5141682869";"WDWACH6GBL";"88.00";"USD";"6350.00";"RUB";"1";;;;"88.00";"0%";"0.00";;;
"0101619552-0125";"0101619552-0125-1";"2026-08-06 05:34:47";"2026-08-10 09:00:00";"2026-08-10 09:00:00";"已签收";"2026-08-17 14:09:39";"2026-08-07 08:05:53";;"150.00";"USD";"Новый Xiaomi Watch S5 46mm Black";"черный";;"5153117886";"WXWAHS5G46BL";"150.00";"USD";"10797.00";"RUB";"1";;;;"150.00";"0%";"0.00";;;
"48945136-0246";"48945136-0246-1";"2026-08-06 05:49:27";"2026-08-10 09:00:00";"2026-08-10 09:00:00";"已签收";"2026-08-18 17:13:53";"2026-08-07 08:05:33";;"305.00";"USD";"Новый Garmin Vivoactive 6 White";"кремовый";;"2442076463";"WGMVVAT6KWH";"305.00";"USD";"21954.00";"RUB";"1";;;;"305.00";"0%";"0.00";;;
"44962818-0175";"44962818-0175-1";"2026-08-06 07:03:29";"2026-08-10 09:00:00";"2026-08-10 09:00:00";"已到达取货点，待取件";;"2026-08-07 09:05:00";;"18.00";"USD";"Новый HONOR CHOICE Earbuds X7 Lite White";"белый";;"4634766526";"EHEX7LTEWH";"9.00";"USD";"724.00";"RUB";"2";"0.00";;;"9.00";"0%";"0.00";;;
"80160104-0090";"80160104-0090-1";"2026-08-06 08:41:36";"2026-08-10 09:00:00";"2026-08-10 09:00:00";"已取消";;;"2026-08-06 08:58:26";"80.00";"USD";"Новый Amazfit Active Pink";"розовый";;"5054642580";"WAATGPK";"80.00";"USD";"5758.00";"RUB";"1";;;;"80.00";"0%";"0.00";;;
"0254424976-0039";"0254424976-0039-1";"2026-08-06 09:50:05";"2026-08-11 09:00:00";"2026-08-11 09:00:00";"已签收";"2026-08-17 15:52:15";"2026-08-07 08:05:33";;"9.00";"USD";"Новый HONOR CHOICE Earbuds X7 Lite White";"белый";;"4634766526";"EHEX7LTEWH";"9.00";"USD";"723.00";"RUB";"1";;;;"9.00";"0%";"0.00";;;
"36807517-0456";"36807517-0456-1";"2026-08-06 13:02:32";"2026-08-11 09:00:00";"2026-08-11 09:00:00";"运输中";;"2026-08-07 09:05:00";;"9.00";"USD";"Новый HONOR CHOICE Earbuds X7 Lite White";"белый";;"4634766526";"EHEX7LTEWH";"9.00";"USD";"723.00";"RUB";"1";"0.00";;;"9.00";"0%";"0.00";;;
"65029077-0230";"65029077-0230-1";"2026-08-06 14:17:04";"2026-08-11 09:00:00";"2026-08-11 09:00:00";"已签收";"2026-08-17 10:38:16";"2026-08-07 09:05:01";;"9.00";"USD";"Новый HONOR CHOICE Earbuds X7 Lite White";"белый";;"4634766526";"EHEX7LTEWH";"9.00";"USD";"723.00";"RUB";"1";;;;"9.00";"0%";"0.00";;;
"81557391-0034";"81557391-0034-1";"2026-08-06 14:33:48";"2026-08-11 09:00:00";"2026-08-11 09:00:00";"已到达取货点，待取件";;"2026-08-07 09:05:01";;"88.00";"USD";"Новый Redmi Watch 6 Blue";"голубой";;"5141664785";"WDWACH6GBU";"88.00";"USD";"6581.00";"RUB";"1";"0.00";;;"88.00";"0%";"0.00";;;
"60704470-0063";"60704470-0063-1";"2026-08-06 18:49:38";"2026-08-11 09:00:00";"2026-08-11 09:00:00";"已签收";"2026-08-19 11:29:45";"2026-08-07 09:02:42";;"80.00";"USD";"Новый Amazfit Active Black";"черный";;"5054643060";"WAATGBL";"80.00";"USD";"5758.00";"RUB";"1";;;;"80.00";"0%";"0.00";;;
"85959923-0179";"85959923-0179-2";"2026-08-07 04:21:11";"2026-08-11 09:00:00";"2026-08-11 09:00:00";"运输中";;"2026-08-08 06:57:29";;"80.00";"USD";"Новый Amazfit Active Black";"черный";;"5054643060";"WAATGBL";"80.00";"USD";"5792.00";"RUB";"1";"0.00";;;"80.00";"0%";"0.00";;;
"37543446-0361";"37543446-0361-1";"2026-08-07 05:57:37";"2026-08-11 09:00:00";"2026-08-11 09:00:00";"已签收";"2026-08-18 16:45:06";"2026-08-08 06:57:29";;"150.00";"USD";"Новый Xiaomi Watch S5 46mm Black";"черный";;"5153117886";"WXWAHS5G46BL";"150.00";"USD";"10861.00";"RUB";"1";;;;"150.00";"0%";"0.00";;;
"42862613-0330";"42862613-0330-1";"2026-08-07 06:23:42";"2026-08-11 09:00:00";"2026-08-11 09:00:00";"已到达取货点，待取件";;"2026-08-08 06:57:59";;"88.00";"USD";"Новый Redmi Watch 6 Grey";"серебристый";;"5141646422";"WDWACH6GGR";"88.00";"USD";"6581.41";"RUB";"1";"0.00";;;"88.00";"0%";"0.00";;;
"0135353729-0404";"0135353729-0404-1";"2026-08-07 07:34:19";"2026-08-12 23:00:00";"2026-08-12 23:00:00";"运输中";;"2026-08-08 05:30:40";;"620.00";"USD";"Новый Valve Steam Deck OLED 512GB";"черный";;"2515592667";"GCVASDO512BL";"620.00";"USD";"50010.73";"RUB";"1";"0.00";;;"620.00";"0%";"0.00";;;
"0125040439-0747";"0125040439-0747-1";"2026-08-07 09:22:34";"2026-08-12 09:00:00";"2026-08-12 09:00:00";"已取消";;;"2026-08-07 09:24:23";"88.00";"USD";"Новый Redmi Watch 6 Black";"черный";;"5141682869";"WDWACH6GBL";"88.00";"USD";"6372.00";"RUB";"1";;;;"88.00";"0%";"0.00";;;
"80205809-0196";"80205809-0196-1";"2026-08-07 09:27:14";"2026-08-12 09:00:00";"2026-08-12 09:00:00";"已签收";"2026-08-18 17:03:00";"2026-08-08 06:57:58";;"88.00";"USD";"Новый Redmi Watch 6 Black";"черный";;"5141682869";"WDWACH6GBL";"88.00";"USD";"6372.00";"RUB";"1";;;;"88.00";"0%";"0.00";;;
"34447989-0251";"34447989-0251-1";"2026-08-07 11:21:37";"2026-08-12 09:00:00";"2026-08-12 09:00:00";"运输中";;"2026-08-08 06:59:01";;"470.00";"USD";"Новый Xiaomi Pad 7 Pro 12/512GB Grey";"черно-серый";;"1949051839";"DXPD7PWFGE12512GR";"470.00";"USD";"34031.00";"RUB";"1";"0.00";;;"470.00";"0%";"0.00";;;
"0126290745-0256";"0126290745-0256-1";"2026-08-07 20:52:14";"2026-08-12 09:00:00";"2026-08-12 09:00:00";"已签收";"2026-08-18 15:43:42";"2026-08-08 06:57:29";;"80.00";"USD";"Новый Amazfit Active Black";"черный";;"5054643060";"WAATGBL";"80.00";"USD";"5792.00";"RUB";"1";;;;"80.00";"0%";"0.00";;;
"46387898-0245";"46387898-0245-1";"2026-08-08 07:22:35";"2026-08-12 09:00:00";"2026-08-12 09:00:00";"运输中";;"2026-08-10 07:34:40";;"289.80";"USD";"Новый OPPO Watch X3 Grey";"серебристый";;"4243562678";"WOPWTHX3GGR";"289.80";"USD";"21179.00";"RUB";"1";"0.00";;;"289.80";"0%";"0.00";;;
"0117008867-0105";"0117008867-0105-1";"2026-08-08 12:50:33";"2026-08-13 09:00:00";"2026-08-13 09:00:00";"运输中";;"2026-08-10 07:36:21";;"150.00";"USD";"Новый Xiaomi Watch S5 46mm Black";"черный";;"5153117886";"WXWAHS5G46BL";"150.00";"USD";"10962.00";"RUB";"1";"0.00";;;"150.00";"0%";"0.00";;;
"04680247-0120";"04680247-0120-1";"2026-08-08 13:30:46";"2026-08-13 09:00:00";"2026-08-13 09:00:00";"已到达取货点，待取件";;"2026-08-10 07:37:12";;"9.00";"USD";"Новый HONOR CHOICE Earbuds X7 Lite White";"белый";;"4634766526";"EHEX7LTEWH";"9.00";"USD";"734.00";"RUB";"1";"0.00";;;"9.00";"0%";"0.00";;;
"29515408-0251";"29515408-0251-1";"2026-08-09 01:06:14";"2026-08-13 09:00:00";"2026-08-13 09:00:00";"运输中";;"2026-08-10 03:50:26";;"260.00";"USD";"Новый HUAWEI WATCH GT 6 Pro 46mm Black Fluoroelastomer Strap";"черный";;"3025825907";"WWGT6PG46BL";"260.00";"USD";"19001.00";"RUB";"1";"0.00";;;"260.00";"0%";"0.00";;;
"0119462039-0074";"0119462039-0074-1";"2026-08-09 09:47:08";"2026-08-14 09:00:00";"2026-08-14 09:00:00";"已到达取货点，待取件";;"2026-08-10 07:36:10";;"470.00";"USD";"Новый Xiaomi Pad 7 Pro 12/512GB Grey";"черно-серый";;"1949051839";"DXPD7PWFGE12512GR";"470.00";"USD";"34348.00";"RUB";"1";"0.00";;;"470.00";"0%";"0.00";;;
"0168652897-0011";"0168652897-0011-1";"2026-08-09 10:17:29";"2026-08-14 09:00:00";"2026-08-14 09:00:00";"运输中";;"2026-08-10 07:35:40";;"9.00";"USD";"Новый HONOR CHOICE Earbuds X7 Lite White";"белый";;"4634766526";"EHEX7LTEWH";"9.00";"USD";"740.00";"RUB";"1";"0.00";;;"9.00";"0%";"0.00";;;
"61016381-0198";"61016381-0198-1";"2026-08-09 13:10:08";"2026-08-14 09:00:00";"2026-08-14 09:00:00";"已取消";;;"2026-08-09 16:35:08";"88.00";"USD";"Новый Redmi Watch 6 Black";"черный";;"5141682869";"WDWACH6GBL";"88.00";"USD";"6431.00";"RUB";"1";;;;"88.00";"0%";"0.00";;;
"35170883-1146";"35170883-1146-1";"2026-08-09 18:30:33";"2026-08-14 09:00:00";"2026-08-14 09:00:00";"运输中";;"2026-08-10 07:35:40";;"185.00";"USD";"Новый HUAWEI Watch FIT 4 Pro Blue";"голубой";;"3075996223";"WWFIT4PGBU";"185.00";"USD";"13520.00";"RUB";"1";"0.00";;;"185.00";"0%";"0.00";;;
"42407735-0386";"42407735-0386-1";"2026-08-09 21:33:08";"2026-08-14 09:00:00";"2026-08-14 09:00:00";"已签收";"2026-08-18 16:46:20";"2026-08-10 07:37:12";;"9.00";"USD";"Новый HONOR CHOICE Earbuds X7 Lite White";"белый";;"4634766526";"EHEX7LTEWH";"9.00";"USD";"734.00";"RUB";"1";;;;"9.00";"0%";"0.00";;;
"29136542-1283";"29136542-1283-1";"2026-08-10 06:02:09";"2026-08-14 09:00:00";"2026-08-14 09:00:00";"运输中";;"2026-08-11 04:32:34";;"80.00";"USD";"Новый Amazfit Active Pink";"розовый";;"5054642580";"WAATGPK";"80.00";"USD";"5846.00";"RUB";"1";"0.00";;;"80.00";"0%";"0.00";;;
"73001367-0295";"73001367-0295-1";"2026-08-10 07:08:38";"2026-08-14 09:00:00";"2026-08-14 09:00:00";"运输中";;"2026-08-11 04:31:33";;"9.00";"USD";"Новый HONOR CHOICE Earbuds X7 Lite White";"белый";;"4634766526";"EHEX7LTEWH";"9.00";"USD";"734.00";"RUB";"1";"0.00";;;"9.00";"0%";"0.00";;;
"0143653224-0280";"0143653224-0280-1";"2026-08-10 07:50:06";"2026-08-14 09:00:00";"2026-08-14 09:00:00";"运输中";;"2026-08-11 04:30:52";;"9.00";"USD";"Новый HONOR CHOICE Earbuds X7 Lite White";"белый";;"4634766526";"EHEX7LTEWH";"9.00";"USD";"734.00";"RUB";"1";"0.00";;;"9.00";"0%";"0.00";;;
"48218953-1370";"48218953-1370-1";"2026-08-10 08:12:13";"2026-08-14 09:00:00";"2026-08-14 09:00:00";"运输中";;"2026-08-11 04:31:26";;"190.00";"USD";"Новый HUAWEI WATCH GT 6 46mm Black Fluoroelastomer Strap";"черный";;"3075996858";"WWGT6G46BL";"190.00";"USD";"13885.00";"RUB";"1";"0.00";;;"190.00";"0%";"0.00";;;"包含在配送费用中"
"34450498-0370";"34450498-0370-1";"2026-08-10 08:38:12";"2026-08-14 09:00:00";"2026-08-14 09:00:00";"运输中";;"2026-08-11 04:30:27";;"185.00";"USD";"Новый HUAWEI Watch FIT 4 Pro Blue";"голубой";;"3075996223";"WWFIT4PGBU";"185.00";"USD";"13520.00";"RUB";"1";"0.00";;;"185.00";"0%";"0.00";;;
"0123889679-0284";"0123889679-0284-1";"2026-08-10 10:12:33";"2026-08-15 09:00:00";"2026-08-15 09:00:00";"运输中";;"2026-08-11 05:16:38";;"9.00";"USD";"Новый HONOR CHOICE Earbuds X7 Lite White";"белый";;"4634766526";"EHEX7LTEWH";"9.00";"USD";"734.00";"RUB";"1";"0.00";;;"9.00";"0%";"0.00";;;
"86172163-0054";"86172163-0054-1";"2026-08-10 10:34:31";"2026-08-15 09:00:00";"2026-08-15 09:00:00";"运输中";;"2026-08-11 04:30:57";;"190.00";"USD";"Новый HUAWEI WATCH GT 6 46mm Black Fluoroelastomer Strap";"черный";;"3075996858";"WWGT6G46BL";"190.00";"USD";"13885.00";"RUB";"1";"0.00";;;"190.00";"0%";"0.00";;;
"47304790-0172";"47304790-0172-1";"2026-08-10 10:51:05";"2026-08-15 09:00:00";"2026-08-15 09:00:00";"运输中";;"2026-08-11 04:31:26";;"9.00";"USD";"Новый HONOR CHOICE Earbuds X7 Lite White";"белый";;"4634766526";"EHEX7LTEWH";"9.00";"USD";"734.00";"RUB";"1";"0.00";;;"9.00";"0%";"0.00";;;
"62388606-0111";"62388606-0111-1";"2026-08-10 11:38:31";"2026-08-15 09:00:00";"2026-08-15 09:00:00";"运输中";;"2026-08-11 04:36:13";;"88.00";"USD";"Новый Redmi Watch 6 Black";"черный";;"5141682869";"WDWACH6GBL";"88.00";"USD";"6416.00";"RUB";"1";"0.00";;;"88.00";"0%";"0.00";;;
"04325996-0698";"04325996-0698-1";"2026-08-10 13:36:58";"2026-08-15 09:00:00";"2026-08-15 09:00:00";"已到达取货点，待取件";;"2026-08-11 04:41:28";;"150.00";"USD";"Новый Xiaomi Watch S5 46mm Black";"черный";;"5153117886";"WXWAHS5G46BL";"150.00";"USD";"10962.00";"RUB";"1";"0.00";;;"150.00";"0%";"0.00";;;
"0120196127-1322";"0120196127-1322-1";"2026-08-10 13:55:46";"2026-08-15 09:00:00";"2026-08-15 09:00:00";"运输中";;"2026-08-11 04:31:26";;"190.00";"USD";"Новый HUAWEI WATCH GT 6 46mm Black Fluoroelastomer Strap";"черный";;"3075996858";"WWGT6G46BL";"190.00";"USD";"13885.00";"RUB";"1";"0.00";;;"190.00";"0%";"0.00";;;
"87017619-0361";"87017619-0361-1";"2026-08-10 14:11:07";"2026-08-15 09:00:00";"2026-08-15 09:00:00";"运输中";;"2026-08-11 05:18:22";;"9.00";"USD";"Новый HONOR CHOICE Earbuds X7 Lite White";"белый";;"4634766526";"EHEX7LTEWH";"9.00";"USD";"734.00";"RUB";"1";"0.00";;;"9.00";"0%";"0.00";;;
"50116806-0209";"50116806-0209-1";"2026-08-10 15:03:01";"2026-08-15 09:00:00";"2026-08-15 09:00:00";"运输中";;"2026-08-11 04:37:32";;"150.00";"USD";"Новый Xiaomi Watch S5 46mm Black";"черный";;"5153117886";"WXWAHS5G46BL";"150.00";"USD";"10962.00";"RUB";"1";"0.00";;;"150.00";"0%";"0.00";;;
"65148170-0141";"65148170-0141-1";"2026-08-10 17:31:15";"2026-08-15 09:00:00";"2026-08-15 09:00:00";"运输中";;"2026-08-11 04:29:57";;"185.00";"USD";"Новый HUAWEI Watch FIT 4 Pro Black";"черный";;"3071371352";"WWFIT4PGBL";"185.00";"USD";"13520.00";"RUB";"1";"0.00";;;"185.00";"0%";"0.00";;;
"0241337862-0009";"0241337862-0009-1";"2026-08-11 03:19:21";"2026-08-15 09:00:00";"2026-08-15 09:00:00";"运输中";;"2026-08-12 07:02:33";;"9.00";"USD";"Новый HONOR CHOICE Earbuds X7 Lite White";"белый";;"4634766526";"EHEX7LTEWH";"9.00";"USD";"738.00";"RUB";"1";"0.00";;;"9.00";"0%";"0.00";;;
"47950555-0266";"47950555-0266-1";"2026-08-11 04:43:52";"2026-08-15 09:00:00";"2026-08-15 09:00:00";"运输中";;"2026-08-12 07:03:53";;"88.00";"USD";"Новый Redmi Watch 6 Black";"черный";;"5141682869";"WDWACH6GBL";"88.00";"USD";"6535.00";"RUB";"1";"0.00";;;"88.00";"0%";"0.00";;;
"0143327866-0183";"0143327866-0183-5";"2026-08-11 06:51:35";"2026-08-15 09:00:00";"2026-08-15 09:00:00";"运输中";;"2026-08-12 07:03:25";;"305.00";"USD";"Новый Garmin Vivoactive 6 White";"кремовый";;"2442076463";"WGMVVAT6KWH";"305.00";"USD";"22409.00";"RUB";"1";"0.00";;;"305.00";"0%";"0.00";;;
"30583972-0331";"30583972-0331-1";"2026-08-11 09:56:57";"2026-08-16 09:00:00";"2026-08-16 09:00:00";"运输中";;"2026-08-12 07:02:33";;"9.00";"USD";"Новый HONOR CHOICE Earbuds X7 Lite White";"белый";;"4634766526";"EHEX7LTEWH";"9.00";"USD";"738.00";"RUB";"1";"0.00";;;"9.00";"0%";"0.00";;;
"35195605-0119";"35195605-0119-1";"2026-08-11 11:21:06";"2026-08-16 09:00:00";"2026-08-16 09:00:00";"运输中";;"2026-08-12 07:03:25";;"48.50";"USD";"Новый Redmi Watch 6 Active Silver";"серебристый";;"5164604468";"WD6ATGSR";"48.50";"USD";"3934.00";"RUB";"1";"0.00";;;"48.50";"0%";"0.00";;;
"51127320-0232";"51127320-0232-1";"2026-08-11 11:53:57";"2026-08-16 09:00:00";"2026-08-16 09:00:00";"运输中";;"2026-08-12 07:02:53";;"150.00";"USD";"Новый Xiaomi Watch S5 46mm Black";"черный";;"5153117886";"WXWAHS5G46BL";"150.00";"USD";"11021.00";"RUB";"1";"0.00";;;"150.00";"0%";"0.00";;;
"35210729-0181";"35210729-0181-1";"2026-08-11 13:34:21";"2026-08-16 09:00:00";"2026-08-16 09:00:00";"已到达取货点，待取件";;"2026-08-12 07:03:05";;"9.00";"USD";"Новый HONOR CHOICE Earbuds X7 Lite White";"белый";;"4634766526";"EHEX7LTEWH";"9.00";"USD";"738.00";"RUB";"1";"0.00";;;"9.00";"0%";"0.00";;;
"0200890625-0042";"0200890625-0042-1";"2026-08-11 14:07:21";"2026-08-16 09:00:00";"2026-08-16 09:00:00";"运输中";;"2026-08-12 07:03:25";;"45.20";"USD";"Новый HONOR CHOICE Earbuds Clip Black";"черный";;"4975336991";"EHCEBCPGBL";"45.20";"USD";"3644.00";"RUB";"1";"0.00";;;"45.20";"0%";"0.00";;;
"38981492-0361";"38981492-0361-1";"2026-08-11 15:19:58";"2026-08-16 09:00:00";"2026-08-16 09:00:00";"运输中";;"2026-08-12 03:05:04";;"190.00";"USD";"Новый HUAWEI WATCH GT 6 46mm Black Fluoroelastomer Strap";"черный";;"3075996858";"WWGT6G46BL";"190.00";"USD";"13960.00";"RUB";"1";"0.00";;;"190.00";"0%";"0.00";;;
"0115421119-0369";"0115421119-0369-1";"2026-08-11 15:40:09";"2026-08-16 09:00:00";"2026-08-16 09:00:00";"已取消";;;"2026-08-11 15:42:36";"150.00";"USD";"Новый Xiaomi Watch S5 46mm Black";"черный";;"5153117886";"WXWAHS5G46BL";"150.00";"USD";"11021.00";"RUB";"1";;;;"150.00";"0%";"0.00";;;
"90818497-0189";"90818497-0189-1";"2026-08-11 17:17:07";"2026-08-16 09:00:00";"2026-08-16 09:00:00";"运输中";;"2026-08-12 07:03:53";;"9.00";"USD";"Новый HONOR CHOICE Earbuds X7 Lite White";"белый";;"4634766526";"EHEX7LTEWH";"9.00";"USD";"738.00";"RUB";"1";"0.00";;;"9.00";"0%";"0.00";;;
"90818497-0190";"90818497-0190-1";"2026-08-11 17:17:49";"2026-08-16 09:00:00";"2026-08-16 09:00:00";"运输中";;"2026-08-12 07:03:05";;"9.00";"USD";"Новый HONOR CHOICE Earbuds X7 Lite White";"белый";;"4634766526";"EHEX7LTEWH";"9.00";"USD";"738.00";"RUB";"1";"0.00";;;"9.00";"0%";"0.00";;;
"0171329777-0654";"0171329777-0654-1";"2026-08-11 20:46:22";"2026-08-16 09:00:00";"2026-08-16 09:00:00";"运输中";;"2026-08-12 07:04:14";;"75.00";"USD";"Новый Xiaomi Smart Band 10 Pro Silver";"серебристый";;"4858613390";"BX10PROGSR";"75.00";"USD";"5510.00";"RUB";"1";"0.00";;;"75.00";"0%";"0.00";;;
"78545374-0562";"78545374-0562-1";"2026-08-12 05:16:23";"2026-08-16 09:00:00";"2026-08-16 09:00:00";"运输中";;"2026-08-13 04:44:40";;"48.50";"USD";"Новый Redmi Watch 6 Active Black";"черный";;"5164606546";"WD6ATGBL";"48.50";"USD";"4130.00";"RUB";"1";"0.00";;;"48.50";"0%";"0.00";;;
"60715654-0217";"60715654-0217-1";"2026-08-12 08:50:59";"2026-08-16 09:00:00";"2026-08-16 09:00:00";"运输中";;"2026-08-13 04:44:28";;"88.00";"USD";"Новый Redmi Watch 6 Grey";"серебристый";;"5141646422";"WDWACH6GGR";"88.00";"USD";"6447.00";"RUB";"1";"0.00";;;"88.00";"0%";"0.00";;;
"35003405-0130";"35003405-0130-1";"2026-08-12 10:52:26";"2026-08-17 09:00:00";"2026-08-17 09:00:00";"运输中";;"2026-08-13 01:45:45";;"190.00";"USD";"Новый HUAWEI WATCH GT 6 46mm Black Fluoroelastomer Strap";"черный";;"3075996858";"WWGT6G46BL";"190.00";"USD";"13920.00";"RUB";"1";"0.00";;;"190.00";"0%";"0.00";;;
"69087134-0089";"69087134-0089-1";"2026-08-12 16:10:49";"2026-08-17 09:00:00";"2026-08-17 09:00:00";"已取消";;;"2026-08-17 06:31:00";"190.00";"USD";"Новый HUAWEI WATCH GT 6 46mm Black Fluoroelastomer Strap";"черный";;"3075996858";"WWGT6G46BL";"190.00";"USD";"13920.00";"RUB";"1";;;;"190.00";"0%";"0.00";;;
"73023852-0171";"73023852-0171-2";"2026-08-12 17:04:51";"2026-08-17 09:00:00";"2026-08-17 09:00:00";"已取消";;;"2026-08-17 06:31:04";"190.00";"USD";"Новый HUAWEI WATCH GT 6 46mm Black Fluoroelastomer Strap";"черный";;"3075996858";"WWGT6G46BL";"190.00";"USD";"13920.00";"RUB";"1";;;;"190.00";"0%";"0.00";;;
"16689289-0928";"16689289-0928-1";"2026-08-12 20:40:01";"2026-08-17 09:00:00";"2026-08-17 09:00:00";"运输中";;"2026-08-13 04:45:18";;"305.00";"USD";"Новый Garmin Vivoactive 6 White";"кремовый";;"2442076463";"WGMVVAT6KWH";"305.00";"USD";"22346.00";"RUB";"1";"0.00";;;"305.00";"0%";"0.00";;;
"83710392-0279";"83710392-0279-1";"2026-08-13 10:24:34";"2026-08-18 09:00:00";"2026-08-18 09:00:00";"已取消";;;"2026-08-13 10:31:01";"88.00";"USD";"Новый Redmi Watch 6 Black";"черный";;"5141682869";"WDWACH6GBL";"88.00";"USD";"6496.00";"RUB";"1";;;;"88.00";"0%";"0.00";;;
"83710392-0280";"83710392-0280-1";"2026-08-13 10:37:15";"2026-08-18 09:00:00";"2026-08-18 09:00:00";"运输中";;"2026-08-14 08:19:57";;"88.00";"USD";"Новый Redmi Watch 6 Black";"черный";;"5141682869";"WDWACH6GBL";"88.00";"USD";"6496.00";"RUB";"1";"0.00";;;"88.00";"0%";"0.00";;;
"05886473-0534";"05886473-0534-1";"2026-08-13 13:50:14";"2026-08-18 09:00:00";"2026-08-18 09:00:00";"运输中";;"2026-08-14 08:14:38";;"150.00";"USD";"Новый Xiaomi Watch S5 46mm Silver";"серебристый";;"5153086056";"WXWAHS5G46SR";"150.00";"USD";"11073.00";"RUB";"1";"0.00";;;"150.00";"0%";"0.00";;;
"79296271-0177";"79296271-0177-1";"2026-08-13 15:03:43";"2026-08-18 09:00:00";"2026-08-18 09:00:00";"运输中";;"2026-08-14 08:19:53";;"185.00";"USD";"Новый HUAWEI Watch FIT 4 Pro Black";"черный";;"3071371352";"WWFIT4PGBL";"185.00";"USD";"13657.00";"RUB";"1";"0.00";;;"185.00";"0%";"0.00";;;
"0171843673-0260";"0171843673-0260-1";"2026-08-13 17:03:05";"2026-08-18 09:00:00";"2026-08-18 09:00:00";"运输中";;"2026-08-14 08:14:20";;"113.00";"USD";"Медиаплеер Google TV Streamer 4K Android, 4 ГБ/32 ГБ, Bluetooth, Wi-Fi, Porcelain";"слоновая кость";;"4860629011";"TGGTV4KUSWH";"113.00";"USD";"8153.00";"RUB";"1";"0.00";;;"113.00";"0%";"0.00";;;
"14404555-0622";"14404555-0622-2";"2026-08-13 18:21:54";"2026-08-18 09:00:00";"2026-08-18 09:00:00";"运输中";;"2026-08-14 08:15:15";;"113.00";"USD";"Медиаплеер Google TV Streamer 4K Android, 4 ГБ/32 ГБ, Bluetooth, Wi-Fi, Porcelain";"слоновая кость";;"4860629011";"TGGTV4KUSWH";"113.00";"USD";"8153.00";"RUB";"1";"0.00";;;"113.00";"0%";"0.00";;;"包含在配送费用中"
"28422715-0387";"28422715-0387-1";"2026-08-13 18:54:39";"2026-08-18 09:00:00";"2026-08-18 09:00:00";"运输中";;"2026-08-14 08:19:44";;"185.00";"USD";"Новый HUAWEI Watch FIT 4 Pro Blue";"голубой";;"3075996223";"WWFIT4PGBU";"185.00";"USD";"13657.00";"RUB";"1";"0.00";;;"185.00";"0%";"0.00";;;
"96650273-0015";"96650273-0015-1";"2026-08-14 15:04:41";"2026-08-19 09:00:00";"2026-08-19 09:00:00";"运输中";;"2026-08-15 08:07:29";;"9.00";"USD";"Новый HONOR CHOICE Earbuds X7 Lite White";"белый";;"4634766526";"EHEX7LTEWH";"9.00";"USD";"757.00";"RUB";"1";"0.00";;;"9.00";"0%";"0.00";;;
"34846620-0149";"34846620-0149-2";"2026-08-14 16:38:08";"2026-08-19 09:00:00";"2026-08-19 09:00:00";"运输中";;"2026-08-15 08:06:37";;"150.00";"USD";"Новый Xiaomi Watch S5 46mm Black";"черный";;"5153117886";"WXWAHS5G46BL";"150.00";"USD";"11181.00";"RUB";"1";"0.00";;;"150.00";"0%";"0.00";;;
"0159244646-0043";"0159244646-0043-1";"2026-08-15 12:46:54";"2026-08-20 09:00:00";"2026-08-20 09:00:00";"运输中";;"2026-08-17 06:11:59";;"75.00";"USD";"Новый Xiaomi Smart Band 10 Pro Black";"черный";;"4858621662";"BX10PROGBL";"75.00";"USD";"5860.00";"RUB";"1";"0.00";;;"75.00";"0%";"0.00";;;
"63097432-0279";"63097432-0279-1";"2026-08-16 05:55:02";"2026-08-20 09:00:00";"2026-08-20 09:00:00";"运输中";;"2026-08-17 06:18:21";;"150.00";"USD";"Новый Xiaomi Watch S5 46mm Black";"черный";;"5153117886";"WXWAHS5G46BL";"150.00";"USD";"11279.00";"RUB";"1";"0.00";;;"150.00";"0%";"0.00";;;
"0137571097-0308";"0137571097-0308-1";"2026-08-16 09:58:12";"2026-08-21 09:00:00";"2026-08-21 09:00:00";"运输中";;"2026-08-17 06:14:41";;"168.00";"USD";"Новый Xiaomi Watch S5 46mm Blue";"синий";;"5153131494";"WXWAHS5G46BU";"168.00";"USD";"12633.00";"RUB";"1";"0.00";;;"168.00";"0%";"0.00";;;
"71883522-0508";"71883522-0508-1";"2026-08-16 16:07:29";"2026-08-21 09:00:00";"2026-08-21 09:00:00";"运输中";;"2026-08-17 06:18:20";;"305.00";"USD";"Новый Garmin Vivoactive 6 White";"кремовый";;"2442076463";"WGMVVAT6KWH";"305.00";"USD";"22935.00";"RUB";"1";"0.00";;;"305.00";"0%";"0.00";;;
"45321773-0731";"45321773-0731-1";"2026-08-16 20:31:43";"2026-08-21 09:00:00";"2026-08-21 09:00:00";"运输中";;"2026-08-17 06:18:11";;"80.00";"USD";"Новый Amazfit Active Pink";"розовый";;"5054642580";"WAATGPK";"80.00";"USD";"6016.00";"RUB";"1";"0.00";;;"80.00";"0%";"0.00";;;
"0127684457-0085";"0127684457-0085-1";"2026-08-17 08:10:18";"2026-08-21 09:00:00";"2026-08-21 09:00:00";"运输中";;"2026-08-18 08:29:44";;"80.00";"USD";"Новый Amazfit Active Black";"черный";;"5054643060";"WAATGBL";"80.00";"USD";"6250.00";"RUB";"1";"0.00";;;"80.00";"0%";"0.00";;;
"14053412-2761";"14053412-2761-1";"2026-08-17 08:22:55";"2026-08-21 09:00:00";"2026-08-21 09:00:00";"运输中";;"2026-08-18 08:29:02";;"289.80";"USD";"Новый OPPO Watch X3 Grey";"серебристый";;"4243562678";"WOPWTHX3GGR";"289.80";"USD";"21792.00";"RUB";"1";"0.00";;;"289.80";"0%";"0.00";;;"包含在配送费用中"
"55638063-0132";"55638063-0132-1";"2026-08-17 15:25:34";"2026-08-22 09:00:00";"2026-08-22 09:00:00";"运输中";;"2026-08-18 08:30:26";;"150.00";"USD";"Новый Xiaomi Watch S5 46mm Black";"черный";;"5153117886";"WXWAHS5G46BL";"150.00";"USD";"11279.00";"RUB";"1";"0.00";;;"150.00";"0%";"0.00";;;
"62755703-0064";"62755703-0064-1";"2026-08-17 18:48:39";"2026-08-22 09:00:00";"2026-08-22 09:00:00";"运输中";;"2026-08-18 08:29:08";;"270.00";"USD";"Новый Garmin Edge 540 велокомпьютер с GPS(Standard Edition) 010-02694-04";"черный";;"2918882869";"WGMED540ECBL";"270.00";"USD";"18582.00";"RUB";"1";"0.00";;;"270.00";"0%";"0.00";;;
"0257423610-0016";"0257423610-0016-1";"2026-08-17 19:14:57";"2026-08-22 09:00:00";"2026-08-22 09:00:00";"运输中";;"2026-08-18 08:28:50";;"185.00";"USD";"Новый HUAWEI Watch FIT 4 Pro Black";"черный";;"3071371352";"WWFIT4PGBL";"185.00";"USD";"14454.00";"RUB";"1";"0.00";;;"185.00";"0%";"0.00";;;
"66614778-1654";"66614778-1654-1";"2026-08-18 05:17:27";"2026-08-22 09:00:00";"2026-08-22 09:00:00";"运输中";;"2026-08-19 06:46:34";;"88.00";"USD";"Новый Redmi Watch 6 Black";"черный";;"5141682869";"WDWACH6GBL";"88.00";"USD";"6654.00";"RUB";"1";"0.00";;;"88.00";"0%";"0.00";;;
"48071261-1223";"48071261-1223-1";"2026-08-18 05:34:31";"2026-08-22 09:00:00";"2026-08-22 09:00:00";"已取消";;;"2026-08-18 05:36:35";"305.00";"USD";"Новый Garmin Vivoactive 6 White";"кремовый";;"2442076463";"WGMVVAT6KWH";"305.00";"USD";"23062.00";"RUB";"1";;;;"305.00";"0%";"0.00";;;
"48071261-1224";"48071261-1224-1";"2026-08-18 05:46:40";"2026-08-22 09:00:00";"2026-08-22 09:00:00";"运输中";;"2026-08-19 06:46:32";;"305.00";"USD";"Новый Garmin Vivoactive 6 White";"кремовый";;"2442076463";"WGMVVAT6KWH";"305.00";"USD";"23062.00";"RUB";"1";"0.00";;;"305.00";"0%";"0.00";;;
"45626583-0150";"45626583-0150-1";"2026-08-18 07:58:32";"2026-08-22 09:00:00";"2026-08-22 09:00:00";"运输中";;"2026-08-19 06:40:04";;"260.00";"USD";"Новый HUAWEI WATCH GT 6 Pro 46mm Black Fluoroelastomer Strap";"черный";;"3025825907";"WWGT6PG46BL";"260.00";"USD";"19659.00";"RUB";"1";"0.00";;;"260.00";"0%";"0.00";;;
"99539731-0624";"99539731-0624-1";"2026-08-18 12:45:13";"2026-08-23 09:00:00";"2026-08-23 09:00:00";"运输中";;"2026-08-19 06:44:58";;"150.00";"USD";"Новый Xiaomi Watch S5 46mm Silver";"серебристый";;"5153086056";"WXWAHS5G46SR";"150.00";"USD";"11342.00";"RUB";"1";"0.00";;;"150.00";"0%";"0.00";;;
"49246201-0246";"49246201-0246-2";"2026-08-18 17:49:12";"2026-08-23 09:00:00";"2026-08-23 09:00:00";"运输中";;"2026-08-19 06:45:07";;"113.00";"USD";"Медиаплеер Google TV Streamer 4K Android, 4 ГБ/32 ГБ, Bluetooth, Wi-Fi, Porcelain";"слоновая кость";;"4860629011";"TGGTV4KUSWH";"113.00";"USD";"8255.00";"RUB";"1";"0.00";;;"113.00";"0%";"0.00";;;
"70046010-0133";"70046010-0133-1";"2026-08-18 18:57:59";"2026-08-23 09:00:00";"2026-08-23 09:00:00";"运输中";;"2026-08-19 06:44:58";;"29.00";"USD";"Новый HONOR CHOICE Earbuds X7 Pro Grey";"черно-серый";;"4633712503";"EHEX7PREGR";"29.00";"USD";"2462.00";"RUB";"1";"0.00";;;"29.00";"0%";"0.00";;;
"35669412-0021";"35669412-0021-1";"2026-08-19 07:17:25";"2026-08-23 09:00:00";"2026-08-23 09:00:00";"等待发运";;;;"88.00";"USD";"Новый Redmi Watch 6 Grey";"серебристый";;"5141646422";"WDWACH6GGR";"88.00";"USD";"6666.00";"RUB";"1";"0.00";;;"88.00";"0%";"0.00";;;
"49743470-0600";"49743470-0600-1";"2026-08-19 11:42:53";"2026-08-24 09:00:00";"2026-08-24 09:00:00";"待备货";;;;"88.00";"USD";"Новый Redmi Watch 6 Black";"черный";;"5141682869";"WDWACH6GBL";"88.00";"USD";"6653.00";"RUB";"1";"0.00";;;"88.00";"0%";"0.00";;;
